District,Year,Season,Area,Production,Yield,T2M,T2M_MAX,T2M_MIN,RH2M,Rainfall,Solar_Radiation,N,P,K,pH
Ariyalur,2010,Kharif,25211,97869,3.88,29.06606557,34.01729508,25.11778689,68.63778689,407.26,2298.51,147.5,48.5,187.9,7.1
Ariyalur,2011,Kharif,24097,97257,4.04,29.99344262,35.52508197,25.52819672,61.2542623,292.31,2502.2,147.5,48.5,187.9,7.1
Ariyalur,2012,Kharif,17523,36392,2.08,29.96377049,35.19942623,25.6492623,62.54180328,296.2,2485.02,147.5,48.5,187.9,7.1
Ariyalur,2013,Kharif,24437,131658,5.39,29.61721311,34.79172131,25.47991803,63.85655738,329.38,2324.3,147.5,48.5,187.9,7.1
Ariyalur,2014,Kharif,23108,116239,5.03,30.26385246,35.61688525,25.99983607,62.18295082,227.48,2487.3,147.5,48.5,187.9,7.1
Ariyalur,2015,Kharif,24408,124179,5.09,26.76508197,30.34704918,24.10032787,83.81327869,698.45,939.4,147.5,48.5,187.9,7.1
Ariyalur,2016,Kharif,15398,44524,2.89,29.81008197,35.15754098,25.43836066,64.74385246,270.84,2392.65,147.5,48.5,187.9,7.1
Ariyalur,2017,Autumn,2556,9851,3.85,26.89147541,30.39819672,24.15016393,83.48491803,471.22,901.53,140,38,165,7.5
Ariyalur,2017,Summer,480,2145,4.47,30.91663043,37.19630435,26.09184783,62.48206522,86.88,2068.33,140,38,165,7.5
Ariyalur,2017,Winter,19628,87227,4.44,25.01066667,30.64266667,20.77366667,74.55033333,176.71,1643,140,38,165,7.5
Ariyalur,2018,Autumn,2957,12673,4.29,26.44262295,30.25803279,23.53901639,83.2357377,441.29,941.03,140,38,165,7.5
Ariyalur,2018,Summer,732,3064,4.19,30.05423913,35.88793478,25.56032609,66.0776087,96.23,2030.13,140,38,165,7.5
Ariyalur,2018,Winter,19103,73718,3.86,24.39722222,29.59566667,20.49311111,80.79677778,73.81,1639.9,140,38,165,7.5
Ariyalur,2019,Autumn,2448,8348,3.41,26.55836066,29.65327869,24.2104918,86.76721311,474.48,984.43,140,38,165,7.5
Ariyalur,2019,Summer,397,1709,4.3,31.58413043,38.46413043,26.39282609,59.19021739,27.77,2186.08,140,38,165,7.5
Ariyalur,2019,Winter,20379,79599,3.91,25.44188889,30.74955556,21.52944444,77.48211111,138.38,1615.4,140,38,165,7.5
Ariyalur,2020,Autumn,3427,15915,4.64,27.00327869,31.00081967,23.88131148,81.37442623,342.2,987.49,138,13,172,7.4
Ariyalur,2020,Summer,287,1183,4.12,31.11565217,37.56793478,26.25673913,60.78956522,49.59,2095.54,138,13,172,7.4
Ariyalur,2020,Winter,20297,57225,2.82,25.11230769,29.74461538,21.65120879,80.7789011,384.66,1586.36,138,13,172,7.4
Ariyalur,2021,Autumn,3933,14244,3.62,26.35672131,29.00147541,24.2895082,88.79180328,854.31,822.66,138,13,172,7.4
Ariyalur,2021,Summer,1001,3997,3.99,29.56152174,35.30576087,25.13576087,68.48358696,97.2,2104.21,138,13,172,7.4
Ariyalur,2021,Winter,21226,90008,4.24,24.25744444,28.29355556,21.13244444,86.18155556,270.71,1544.17,138,13,172,7.4
Ariyalur,2022,Autumn,3819,13895,3.64,26.23868852,29.95688525,23.34819672,83.68180328,363.55,908.69,138,13,172,7.4
Ariyalur,2022,Summer,682,2710,3.97,29.91108696,35.75130435,25.37847826,67.2201087,164.45,1962.56,138,13,172,7.4
Ariyalur,2022,Winter,21680,87607,4.04,24.80577778,29.19411111,21.58877778,83.91,231.69,1518.02,138,13,172,7.4
Chengalpattu,2020,Autumn,7299,36868,5.05,27.1595082,29.62114754,25.03737705,82.35540984,582.87,959.35,242,7,136,7.89
Chengalpattu,2020,Summer,26873,95961,3.57,29.9376087,34.27043478,26.75054348,68.5126087,122.58,2132.09,242,7,136,7.89
Chengalpattu,2020,Winter,18947,70861,3.74,25.42747253,28.53868132,23.11131868,76.85230769,299.65,1600.97,242,7,136,7.89
Chengalpattu,2021,Autumn,10117,40919,4.04,27.01196721,28.73770492,25.5952459,86.59754098,997.8,789.98,242,7,136,7.89
Chengalpattu,2021,Summer,29705,132511,4.46,29.16065217,33.2626087,26.13434783,71.99065217,89.87,2133.4,242,7,136,7.89
Chengalpattu,2021,Winter,15181,61364,4.04,24.91255556,27.83766667,22.59966667,79.70933333,261.92,1558.34,242,7,136,7.89
Chengalpattu,2022,Autumn,11342,49170,4.34,26.59442623,29.0152459,24.70836066,82.1157377,483.34,889.97,242,7,136,7.89
Chengalpattu,2022,Summer,31265,132103,4.23,29.37293478,33.55,26.24108696,71.93163043,116.86,1991.48,242,7,136,7.89
Chengalpattu,2022,Winter,14719,60162,4.09,25.20933333,28.16588889,22.95122222,80.22388889,203.74,1516.17,242,7,136,7.89
Chennai,2018,Autumn,85,0,0,26.95540984,30.42147541,24.38491803,78.15032787,353.41,1016.51,175,75,164,7
Chennai,2022,Autumn,11,46,4.18,26.27967213,29.04983607,24.16377049,82.74491803,509,893.55,175,75,164,7
Chennai,2022,Summer,13,54,4.15,29.72706522,34.96326087,25.80847826,68.3648913,79.77,1970.71,175,75,164,7
Chennai,2022,Winter,97,256,2.64,24.86511111,28.42166667,22.18555556,80.44555556,241.1,1544.12,175,75,164,7
Coimbatore,2010,Kharif,2666,10419,3.91,23.75081967,27.80065574,20.95344262,85.6757377,636.08,1900.48,179.48,14.95,609.46,7.4
Coimbatore,2011,Kharif,2629,10486,3.99,23.62483607,27.87836066,20.72352459,84.64803279,561.9,1874.75,179.48,14.95,609.46,7.4
Coimbatore,2012,Kharif,2156,7890,3.66,24.29352459,29.20532787,21.07065574,81.18819672,371.29,2038.6,179.48,14.95,609.46,7.4
Coimbatore,2013,Kharif,2158,10139,4.7,23.49868852,27.3802459,20.89598361,85.84885246,648.54,1808.88,179.48,14.95,609.46,7.4
Coimbatore,2014,Kharif,2166,9969,4.6,24.07745902,27.98434426,21.38606557,85.44918033,643.88,2027.26,179.48,14.95,609.46,7.4
Coimbatore,2015,Kharif,2034,7942,3.9,24.94811475,29.98672131,21.51090164,80.17860656,348.36,2167.96,179.48,14.95,609.46,7.4
Coimbatore,2016,Kharif,872,3518,4.03,24.29991803,29.1004918,21.045,81.88508197,401.84,2001.65,179.48,14.95,609.46,7.4
Coimbatore,2017,Autumn,11,42,3.82,23.42459016,27.51786885,20.25278689,86.68245902,214.86,953.94,147,10,463,6.9
Coimbatore,2017,Winter,669,2284,3.41,23.30422222,30.81488889,17.18,63.08511111,70.49,1792.31,147,10,463,6.9
Coimbatore,2018,Autumn,475,2036,4.29,23.59163934,28.32360656,19.81163934,82.32114754,263.37,1087.38,147,10,463,6.9
Coimbatore,2018,Summer,177,742,4.19,27.04684783,33.34315217,22.09913043,66.30641304,284.92,1930.9,147,10,463,6.9
Coimbatore,2018,Winter,947,3097,3.27,23.29244444,30.59555556,17.62911111,67.981,28.8,1726.53,147,10,463,6.9
Coimbatore,2019,Autumn,11,48,4.36,23.43901639,27.12278689,20.54918033,88.9895082,396.74,1000,147,10,463,6.9
Coimbatore,2019,Summer,117,504,4.31,28.90934783,36.3373913,23.07336957,58.05880435,149.44,2099.79,147,10,463,6.9
Coimbatore,2019,Winter,733,2667,3.64,23.72833333,30.88488889,18.06255556,67.15322222,65.33,1749.72,147,10,463,6.9
Coimbatore,2020,Autumn,11,49,4.45,23.44918033,27.75409836,20.12836066,85.88590164,327.39,1023.44,165,24.2,432,7.7
Coimbatore,2020,Summer,303,1250,4.13,28.45782609,35.26923913,23.08902174,60.36543478,119.89,1992.85,165,24.2,432,7.7
Coimbatore,2020,Winter,685,2000,2.92,23.31010989,29.97,18.08593407,73.17615385,78.76,1759.43,165,24.2,432,7.7
Coimbatore,2021,Autumn,468,1914,4.09,23.32196721,26.61688525,20.82459016,89.95508197,530.37,810.01,165,24.2,432,7.7
Coimbatore,2021,Summer,277,1108,4,26.44336957,32.80543478,21.46804348,69.11869565,281.09,1922.24,165,24.2,432,7.7
Coimbatore,2021,Winter,563,1865,3.31,22.11266667,27.90677778,17.63011111,80.74966667,175.18,1642.77,165,24.2,432,7.7
Coimbatore,2022,Autumn,393,1514,3.85,23.03081967,27.28245902,19.70311475,85.78,286.55,936.78,165,24.2,432,7.7
Coimbatore,2022,Summer,220,873,3.97,26.66804348,33.24565217,21.69195652,69.67565217,313.1,1766.04,165,24.2,432,7.7
Coimbatore,2022,Winter,556,2219,3.99,22.82844444,28.84511111,18.16755556,77.58711111,122.52,1661.28,165,24.2,432,7.7
Cuddalore,2010,Kharif,115815,301506,2.6,29.01237705,31.63442623,26.77336066,74.99590164,489.28,2298.51,102.1,33.67,117.5,7.7
Cuddalore,2011,Kharif,120983,248242,2.05,29.54836066,32.46852459,27.04442623,70.36491803,369.76,2502.2,102.1,33.67,117.5,7.7
Cuddalore,2012,Kharif,111958,339286,3.03,29.41622951,32.23114754,27.0252459,71.15319672,305.49,2485.02,102.1,33.67,117.5,7.7
Cuddalore,2013,Kharif,127485,565960,4.44,29.01237705,31.80237705,26.59901639,73.425,478.7,2324.3,102.1,33.67,117.5,7.7
Cuddalore,2014,Kharif,134677,641958,4.77,29.60754098,32.43983607,27.21745902,71.66983607,354.65,2487.3,102.1,33.67,117.5,7.7
Cuddalore,2015,Kharif,139987,507130,3.62,29.67139344,32.55368852,27.27196721,72.54647541,339.48,2552.46,102.1,33.67,117.5,7.7
Cuddalore,2016,Kharif,131906,459908,3.49,29.22262295,31.9754918,26.88811475,73.8047541,378.4,2392.65,102.1,33.67,117.5,7.7
Cuddalore,2017,Autumn,31883,124535,3.91,27.49147541,28.99114754,26.22622951,83.37245902,535.88,901.53,181,29.125,72.8,5.9
Cuddalore,2017,Summer,7412,33413,4.51,29.76119565,32.87532609,27.33456522,72.24032609,70.27,2068.33,181,29.125,72.8,5.9
Cuddalore,2017,Winter,91927,406593,4.42,25.51366667,28.12266667,23.48,74.089,115.43,1643,181,29.125,72.8,5.9
Cuddalore,2018,Autumn,35851,154858,4.32,27.37852459,29.22655738,25.87393443,79.97885246,417.6,941.03,181,29.125,72.8,5.9
Cuddalore,2018,Summer,6580,24580,3.74,29.18478261,31.915,27.07032609,74.37782609,96.87,2030.13,181,29.125,72.8,5.9
Cuddalore,2018,Winter,90929,320124,3.52,25.14144444,27.47288889,23.231,78.23522222,92.23,1639.9,181,29.125,72.8,5.9
Cuddalore,2019,Autumn,34829,137820,3.96,27.57377049,29.00327869,26.34213115,82.47737705,373.43,984.43,181,29.125,72.8,5.9
Cuddalore,2019,Summer,8077,32096,3.97,29.97695652,33.10152174,27.58195652,71.61630435,46.46,2186.08,181,29.125,72.8,5.9
Cuddalore,2019,Winter,89245,325393,3.65,25.81266667,28.17766667,23.98655556,76.90555556,110.78,1615.4,181,29.125,72.8,5.9
Cuddalore,2020,Autumn,38389,164666,4.29,27.59032787,29.36688525,25.97852459,81.53852459,496.7,987.49,133,37.5,237.5,7.1
Cuddalore,2020,Summer,9248,37034,4,29.7476087,32.63543478,27.60184783,71.2601087,84.43,2095.54,133,37.5,237.5,7.1
Cuddalore,2020,Winter,89197,240104,2.69,25.96230769,28.01208791,24.37351648,77.09,307.61,1586.36,133,37.5,237.5,7.1
Cuddalore,2021,Autumn,38306,151225,3.95,27.34344262,28.54327869,26.2704918,85.90295082,937.66,822.66,133,37.5,237.5,7.1
Cuddalore,2021,Summer,10529,43053,4.09,28.94195652,31.60467391,26.93586957,75.35554348,124.3,2104.21,133,37.5,237.5,7.1
Cuddalore,2021,Winter,93906,299560,3.19,25.50511111,27.42177778,23.89644444,79.64911111,211.73,1544.17,133,37.5,237.5,7.1
Cuddalore,2022,Autumn,34368,130949,3.81,27.0547541,28.77836066,25.59,81.24885246,416.83,908.69,133,37.5,237.5,7.1
Cuddalore,2022,Summer,10275,41863,4.07,29.07663043,31.87065217,26.90021739,75.82315217,171.16,1962.56,133,37.5,237.5,7.1
Cuddalore,2022,Winter,94194,328768,3.49,25.68611111,27.63611111,24.13866667,80.32566667,172.72,1518.02,133,37.5,237.5,7.1
Dharmapuri,2010,Kharif,22862,93207,4.08,25.61811475,30.85286885,21.52131148,76.62737705,489.09,2172.63,124.46,16.49,127.85,7.27
Dharmapuri,2011,Kharif,27067,128226,4.74,26.58278689,32.79221311,21.69106557,67.91934426,338.57,2322.22,124.46,16.49,127.85,7.27
Dharmapuri,2012,Kharif,12003,53669,4.47,26.78278689,32.9254918,21.87803279,67.50959016,352.71,2378.53,124.46,16.49,127.85,7.27
Dharmapuri,2013,Kharif,26689,132535,4.97,25.76327869,31.2207377,21.48819672,73.08442623,476.3,2181.12,124.46,16.49,127.85,7.27
Dharmapuri,2014,Kharif,18303,95163,5.2,26.92516393,32.96614754,22.20278689,68.6142623,324.1,2336.56,124.46,16.49,127.85,7.27
Dharmapuri,2015,Kharif,33349,149426,4.48,27.1652459,33.36901639,22.19327869,68.10721311,279.67,2486.25,124.46,16.49,127.85,7.27
Dharmapuri,2016,Kharif,11432,42883,3.75,26.755,32.79877049,21.85557377,68.68901639,270.61,2294.86,124.46,16.49,127.85,7.27
Dharmapuri,2017,Autumn,1708,7131,4.18,23.90737705,28.21,20.42459016,85.00098361,207.48,954.65,188,22,250,7.6
Dharmapuri,2017,Summer,4961,24314,4.9,29.37695652,36.59521739,23.12532609,55.39565217,220.54,2053.96,188,22,250,7.6
Dharmapuri,2017,Winter,15564,75766,4.87,23.18255556,31.432,16.61955556,64.034,41.15,1696.46,188,22,250,7.6
Dharmapuri,2018,Autumn,990,4244,4.29,24.65213115,31.02081967,19.78885246,74.28868852,154.01,1065.47,188,22,250,7.6
Dharmapuri,2018,Summer,478,2270,4.75,28.86543478,35.95032609,22.6501087,56.51402174,183.47,2099.03,188,22,250,7.6
Dharmapuri,2018,Winter,2421,10511,4.34,23.54477778,31.78744444,17.12566667,65.365,17.09,1714.27,188,22,250,7.6
Dharmapuri,2019,Autumn,8,38,4.75,24.00098361,28.14360656,20.74688525,86.66032787,261.67,1033.11,188,22,250,7.6
Dharmapuri,2019,Summer,2575,11272,4.38,30.30423913,37.98717391,23.56923913,49.95043478,144.51,2184.95,188,22,250,7.6
Dharmapuri,2019,Winter,13229,56481,4.27,24.09333333,31.94855556,17.903,65.99944444,38.33,1639.54,188,22,250,7.6
Dharmapuri,2020,Autumn,212,911,4.3,23.83,28.41540984,20.1295082,84.1857377,248.01,978.05,172,25,305,7.79
Dharmapuri,2020,Summer,5287,23880,4.52,30.1176087,37.68293478,23.60695652,50.71858696,83.86,2129.67,172,25,305,7.79
Dharmapuri,2020,Winter,15471,70409,4.55,23.64747253,31.20131868,17.79604396,70.59120879,60.04,1675.08,172,25,305,7.79
Dharmapuri,2021,Autumn,506,2291,4.53,23.85393443,27.39983607,21.06459016,87.92508197,454.66,790.28,172,25,305,7.79
Dharmapuri,2021,Summer,6302,35314,5.6,28.32586957,35.62043478,22.20978261,59.02315217,353.98,2131.64,172,25,305,7.79
Dharmapuri,2021,Winter,19216,78874,4.1,22.49911111,29.38433333,17.18688889,76.24277778,74.38,1581.49,172,25,305,7.79
Dharmapuri,2022,Autumn,955,4385,4.59,23.25721311,27.79639344,19.51393443,84.97344262,271.53,916.89,172,25,305,7.79
Dharmapuri,2022,Summer,5947,27224,4.58,28.26456522,35.51206522,22.1725,60.38315217,265.54,1983.23,172,25,305,7.79
Dharmapuri,2022,Winter,21021,88129,4.19,22.91611111,29.57066667,17.82222222,76.63855556,79.71,1565.85,172,25,305,7.79
Dindigul,2010,Kharif,18349,98053,5.34,27.83360656,33.56565574,23.51606557,67.2857377,294.63,2234.85,110,17.56,291.667,8.2
Dindigul,2011,Kharif,19158,103376,5.4,28.15754098,34.40745902,23.41934426,63.335,277.46,2317.13,110,17.56,291.667,8.2
Dindigul,2012,Kharif,9476,30806,3.25,28.43778689,34.51327869,23.72909836,63.4354918,247.16,2404.04,110,17.56,291.667,8.2
Dindigul,2013,Kharif,4234,25758,6.08,28.04311475,33.7502459,23.80557377,64.17877049,236.12,2232.09,110,17.56,291.667,8.2
Dindigul,2014,Kharif,12071,70676,5.86,28.56877049,34.44770492,24.17909836,64.25581967,209.52,2409.26,110,17.56,291.667,8.2
Dindigul,2015,Kharif,14989,71945,4.8,28.52491803,34.5992623,23.78,65.70967213,269.45,2483.05,110,17.56,291.667,8.2
Dindigul,2016,Kharif,1522,4506,2.96,28.44336066,34.6197541,23.70598361,64.06295082,205.63,2407.76,110,17.56,291.667,8.2
Dindigul,2017,Autumn,107,412,3.85,25.78836066,30.22262295,22.32442623,81.42459016,225.59,988.63,240,21,295,7.9
Dindigul,2017,Summer,3492,19995,5.73,30.45663043,37.25793478,24.77380435,57.1551087,159.88,2011,240,21,295,7.9
Dindigul,2017,Winter,5203,29048,5.58,24.71877778,32.22688889,18.76844444,67.18988889,68.14,1700.5,240,21,295,7.9
Dindigul,2018,Autumn,458,1963,4.29,25.83639344,31.09704918,21.77016393,78.6457377,231.84,991.92,240,21,295,7.9
Dindigul,2018,Summer,5570,21086,3.79,29.47271739,36.055,24.02195652,61.37304348,190.63,1964.07,240,21,295,7.9
Dindigul,2018,Winter,3193,12799,4.01,24.64088889,31.99055556,19.02544444,70.806,36.85,1681.03,240,21,295,7.9
Dindigul,2019,Autumn,217,891,4.11,25.5204918,29.48,22.41508197,85.42360656,334.82,1014.32,240,21,295,7.9
Dindigul,2019,Summer,4499,21577,4.8,31.66021739,39.14271739,25.33358696,50.71467391,79.97,2126.41,240,21,295,7.9
Dindigul,2019,Winter,3424,14468,4.23,25.22533333,32.38466667,19.55444444,70.68233333,65.47,1633.87,240,21,295,7.9
Dindigul,2020,Autumn,232,1011,4.36,25.74803279,30.50114754,22.04393443,80.75704918,413.34,1026.45,186.3,10.23,237.74,7.9
Dindigul,2020,Summer,5290,23330,4.41,30.89336957,38.0776087,24.94369565,54.90576087,74.68,2018.61,186.3,10.23,237.74,7.9
Dindigul,2020,Winter,4004,12082,3.02,24.66032967,31.14857143,19.50362637,75.73120879,128.03,1618.8,186.3,10.23,237.74,7.9
Dindigul,2021,Autumn,1704,6962,4.09,25.35491803,28.94278689,22.5195082,86.56786885,456.59,863.26,186.3,10.23,237.74,7.9
Dindigul,2021,Summer,5865,25900,4.42,28.72565217,35.44576087,23.3651087,65.2373913,145.2,2009.85,186.3,10.23,237.74,7.9
Dindigul,2021,Winter,5181,21266,4.1,23.27566667,28.72144444,18.93722222,83.604,194.14,1557.83,186.3,10.23,237.74,7.9
Dindigul,2022,Autumn,1868,7191,3.85,24.97967213,29.3742623,21.39540984,82.44213115,326.53,937.13,186.3,10.23,237.74,7.9
Dindigul,2022,Summer,5229,25472,4.87,29.04608696,35.90108696,23.46619565,63.45391304,211.19,1862.64,186.3,10.23,237.74,7.9
Dindigul,2022,Winter,6450,24878,3.86,24.29077778,30.16944444,19.71744444,79.34655556,126.71,1565.93,186.3,10.23,237.74,7.9
Erode,2010,Kharif,36659,154538,4.22,26.28508197,32.1395082,22.01508197,72.0645082,346.78,2201.19,157.213,18.45,192.886,7.8
Erode,2011,Kharif,33719,144357,4.28,26.75934426,33.10778689,22.06131148,66.78286885,228.98,2243.84,157.213,18.45,192.886,7.8
Erode,2012,Kharif,6603,29125,4.41,27.30155738,33.81631148,22.4904918,64.5995082,236.14,2365.51,157.213,18.45,192.886,7.8
Erode,2013,Kharif,30889,163021,5.28,26.4107377,32.17770492,22.20295082,69.11213115,307.55,2179.79,157.213,18.45,192.886,7.8
Erode,2014,Kharif,37192,176997,4.76,27.18147541,33.16336066,22.7292623,67.42918033,257.39,2362.08,157.213,18.45,192.886,7.8
Erode,2015,Kharif,34339,146570,4.27,27.42262295,33.7307377,22.60721311,67.11786885,261.41,2489.08,157.213,18.45,192.886,7.8
Erode,2016,Kharif,695,1568,2.26,27.21008197,33.58655738,22.34614754,66.09262295,200.64,2310.79,157.213,18.45,192.886,7.8
Erode,2017,Autumn,60,231,3.85,24.55442623,29.23393443,20.94213115,82.84180328,203.87,977.43,175,16,323,8
Erode,2017,Summer,1731,7734,4.47,29.64717391,36.58402174,23.76347826,55.0798913,185.03,2043.9,175,16,323,8
Erode,2017,Winter,8977,46492,5.18,24.18788889,32.12322222,17.74911111,59.12822222,51.72,1751.32,175,16,323,8
Erode,2018,Autumn,237,1015,4.28,25.24819672,31.36327869,20.51983607,73.49491803,175.74,1063.36,175,16,323,8
Erode,2018,Summer,8132,34057,4.19,29.20119565,35.84326087,23.40608696,55.48293478,180.42,2052.53,175,16,323,8
Erode,2018,Winter,27192,141488,5.2,24.34644444,32.23133333,18.21177778,62.82722222,26.67,1726.61,175,16,323,8
Erode,2019,Autumn,306,1257,4.11,24.49311475,28.65557377,21.2142623,85.80442623,269.26,1035.3,175,16,323,8
Erode,2019,Summer,7505,32297,4.3,30.98423913,38.30619565,24.43902174,47.02206522,106.13,2168.23,175,16,323,8
Erode,2019,Winter,26756,124038,4.64,25.01733333,32.53566667,18.93622222,61.75222222,44.08,1695.65,175,16,323,8
Erode,2020,Autumn,257,1120,4.36,24.52901639,29.50016393,20.66590164,81.6657377,260.37,1030.14,217,11.25,250,7
Erode,2020,Summer,1776,7316,4.12,30.58586957,37.57391304,24.44423913,49.03391304,56.17,2078.16,217,11.25,250,7
Erode,2020,Winter,27117,134468,4.96,24.42527473,31.69153846,18.69912088,68.41659341,71.06,1688.28,217,11.25,250,7
Erode,2021,Autumn,4679,19115,4.09,24.21098361,27.89032787,21.39213115,87.66655738,431.28,853.37,217,11.25,250,7
Erode,2021,Summer,3986,15914,3.99,28.49858696,35.44086957,22.69141304,59.08586957,276.23,2071.94,217,11.25,250,7
Erode,2021,Winter,21786,87522,4.02,23.12566667,29.64377778,17.97844444,76.09488889,111.78,1595.88,217,11.25,250,7
Erode,2022,Autumn,5094,19606,3.85,24.0657377,28.91409836,20.21672131,82.08688525,273.86,963.83,217,11.25,250,7
Erode,2022,Summer,3701,14714,3.98,28.61141304,35.81869565,22.67836957,59.40554348,225.63,1905.14,217,11.25,250,7
Erode,2022,Winter,22267,97397,4.37,23.72544444,30.33566667,18.63722222,74.08066667,84.11,1615.61,217,11.25,250,7
Kallakurichi,2020,Autumn,4679,22012,4.7,25.06065574,29.52278689,21.56606557,83.36819672,284.5,1004.49,173,11,473,8.1
Kallakurichi,2020,Summer,20256,80988,4,30.77608696,38.65,24.47,54.23347826,37.32,2087.61,173,11,473,8.1
Kallakurichi,2020,Winter,36680,132832,3.62,23.69714286,30.2067033,18.7421978,78.11813187,185.13,1628.67,173,11,473,8.1
Kallakurichi,2021,Autumn,10389,44292,4.26,24.77459016,27.98819672,22.27016393,88.95,613.5,823.4,173,11,473,8.1
Kallakurichi,2021,Summer,14466,62165,4.3,28.7973913,36.05423913,23.1126087,63.60597826,184.71,2078.06,173,11,473,8.1
Kallakurichi,2021,Winter,39472,143419,3.63,22.72077778,28.49277778,18.20777778,82.86088889,142.18,1550.98,173,11,473,8.1
Kallakurichi,2022,Autumn,9855,37452,3.8,24.51557377,28.92721311,20.99803279,84.25,306.21,915.54,173,11,473,8.1
Kallakurichi,2022,Summer,10619,40301,3.8,28.87913043,36.05597826,23.17173913,63.83815217,190.33,1938.5,173,11,473,8.1
Kallakurichi,2022,Winter,39546,156606,3.96,23.38888889,29.26066667,18.97611111,81.48222222,121.12,1548.13,173,11,473,8.1
Kanchipuram,2010,Kharif,95739,378628,3.95,28.6492623,32.48795082,25.57942623,75.26016393,527.12,2216.58,107.4,27.103,195.6,7.121
Kanchipuram,2011,Kharif,90419,395412,4.37,29.47991803,33.97442623,25.90229508,68.32295082,496.18,2465.74,107.4,27.103,195.6,7.121
Kanchipuram,2012,Kharif,77784,344875,4.43,29.54262295,33.9492623,26.05483607,67.60368852,384.15,2466.01,107.4,27.103,195.6,7.121
Kanchipuram,2013,Kharif,85564,391837,4.58,28.68516393,32.83442623,25.27311475,72.60729508,570.75,2266.81,107.4,27.103,195.6,7.121
Kanchipuram,2014,Kharif,61881,289904,4.68,29.5652459,33.97967213,26.03598361,69.52647541,462.84,2437.2,107.4,27.103,195.6,7.121
Kanchipuram,2015,Kharif,97738,415302,4.25,29.69418033,34.03311475,26.21409836,69.8907377,417.52,2541.98,107.4,27.103,195.6,7.121
Kanchipuram,2016,Kharif,72617,288044,3.97,29.12336066,33.40639344,25.59155738,71.70106557,418.33,2377.04,107.4,27.103,195.6,7.121
Kanchipuram,2017,Autumn,27105,107173,3.95,26.74442623,29.23901639,24.78704918,84.32344262,587.71,908.71,159,69.5,155.5,7.65
Kanchipuram,2017,Summer,22227,106712,4.8,30.88097826,36.79271739,26.51923913,62.52934783,21.76,2088.96,159,69.5,155.5,7.65
Kanchipuram,2017,Winter,41282,180691,4.38,24.70722222,29.39566667,21.20577778,73.33633333,49.91,1654.12,159,69.5,155.5,7.65
Kanchipuram,2018,Autumn,16860,93241,5.53,26.95540984,30.42147541,24.38491803,78.15032787,353.41,996.08,159,69.5,155.5,7.65
Kanchipuram,2018,Summer,15696,67344,4.29,30.0273913,35.43119565,25.97706522,65.92445652,43.75,2106.35,159,69.5,155.5,7.65
Kanchipuram,2018,Winter,37819,167572,4.43,24.46922222,28.86955556,21.22522222,76.23122222,66.95,1638.78,159,69.5,155.5,7.65
Kanchipuram,2019,Autumn,9561,48735,5.1,26.87983607,29.38967213,24.87032787,83.54704918,398.01,998.9,159,69.5,155.5,7.65
Kanchipuram,2019,Summer,46638,231225,4.96,30.8725,36.77423913,26.46967391,63.34608696,14.36,2191.59,159,69.5,155.5,7.65
Kanchipuram,2019,Winter,31130,153376,4.93,25.21977778,29.60422222,22.06344444,75.12944444,138.74,1591.7,159,69.5,155.5,7.65
Kanchipuram,2020,Autumn,6674,31393,4.7,26.86885246,29.66245902,24.47081967,82.87967213,611.5,959.35,147,21.3,268.5,6.81
Kanchipuram,2020,Summer,25749,103247,4.01,30.16695652,35.63141304,26.06097826,65.87836957,138.31,2132.09,147,21.3,268.5,6.81
Kanchipuram,2020,Winter,15316,50787,3.32,25.08791209,28.90098901,22.30043956,76.70065934,246.62,1600.97,147,21.3,268.5,6.81
Kanchipuram,2021,Autumn,8713,36682,4.21,26.81983607,28.90065574,25.13311475,86.66,953.52,789.98,147,21.3,268.5,6.81
Kanchipuram,2021,Summer,26882,115531,4.3,29.54445652,34.85195652,25.60304348,68.07793478,77.28,2133.4,147,21.3,268.5,6.81
Kanchipuram,2021,Winter,15398,36621,2.38,24.55266667,28.10911111,21.83433333,79.55755556,276.86,1558.34,147,21.3,268.5,6.81
Kanchipuram,2022,Autumn,10104,41816,4.14,26.27967213,29.04983607,24.16377049,82.74491803,509,889.97,147,21.3,268.5,6.81
Kanchipuram,2022,Summer,28094,115789,4.12,29.72706522,34.96326087,25.80847826,68.3648913,79.77,1991.48,147,21.3,268.5,6.81
Kanchipuram,2022,Winter,13752,36078,2.62,24.86511111,28.42166667,22.18555556,80.44555556,241.1,1516.17,147,21.3,268.5,6.81
Kanniyakumari,2010,Kharif,16989,80387,4.73,25.72040984,29.94827869,23.0042623,81.56352459,316.25,2179.12,211.3,54.66,324.14,6.9
Kanniyakumari,2011,Kharif,16617,90110,5.42,25.9904918,30.53106557,23.1057377,78.80565574,223.04,2320.14,211.3,54.66,324.14,6.9
Kanniyakumari,2012,Kharif,12412,57882,4.66,26.2695082,30.75729508,23.42319672,78.16557377,184.7,2426.03,211.3,54.66,324.14,6.9
Kanniyakumari,2013,Kharif,13619,66703,4.9,25.12721311,29.2757377,22.04491803,83.30934426,360.84,1092.85,211.3,54.66,324.14,6.9
Kanniyakumari,2014,Kharif,13176,66943,5.08,25.74368852,29.41434426,23.37934426,83.2857377,381.81,2341.35,211.3,54.66,324.14,6.9
Kanniyakumari,2015,Kharif,12957,55789,4.31,25.9492623,29.76204918,23.41336066,83.69295082,278.75,2354.24,211.3,54.66,324.14,6.9
Kanniyakumari,2016,Kharif,12156,48670,4,26.02122951,30.36614754,23.26557377,80.30991803,170.3,2369.09,211.3,54.66,324.14,6.9
Kanniyakumari,2017,Autumn,3204,11368,3.55,25.27459016,29.13819672,22.47032787,85.1257377,442.96,966.64,238,36.5,313,5.9
Kanniyakumari,2017,Summer,114,509,4.46,28.84445652,35.04228261,24.46336957,67.16793478,140.8,1928.74,238,36.5,313,5.9
Kanniyakumari,2017,Winter,6310,21157,3.35,24.988,31.11233333,20.07511111,72.557,124.83,1674.54,238,36.5,313,5.9
Kanniyakumari,2018,Autumn,5925,21707,3.66,24.95163934,28.56295082,22.14393443,85.70491803,359.34,972.9,238,36.5,313,5.9
Kanniyakumari,2018,Summer,77,322,4.18,27.93282609,33.36217391,24.00978261,72.01565217,203.68,1844.8,238,36.5,313,5.9
Kanniyakumari,2018,Winter,5953,25540,4.29,24.98633333,31.01566667,20.28044444,74.59933333,24.97,1677.88,238,36.5,313,5.9
Kanniyakumari,2019,Autumn,5044,19580,3.88,25.07393443,28.32344262,22.57180328,87.94032787,597.76,993.37,238,36.5,313,5.9
Kanniyakumari,2019,Summer,49,212,4.33,29.76097826,36.52945652,24.9376087,62.68347826,65.12,2034.59,238,36.5,313,5.9
Kanniyakumari,2019,Winter,5877,24012,4.09,25.571,31.63744444,20.82055556,73.76222222,83.66,1638.72,238,36.5,313,5.9
Kanniyakumari,2020,Autumn,5779,26533,4.59,25.55196721,29.73016393,22.55245902,83.6704918,339.12,1075.77,190.25,34.66,478.63,7.4
Kanniyakumari,2020,Summer,3,12,4,29.00630435,35.06086957,24.59586957,67.33913043,174.85,1913.07,190.25,34.66,478.63,7.4
Kanniyakumari,2020,Winter,5795,22207,3.83,24.66791209,29.92593407,20.4932967,80.56714286,107.46,1656.67,190.25,34.66,478.63,7.4
Kanniyakumari,2021,Autumn,5742,22654,3.95,24.83377049,27.85934426,22.65114754,89.32704918,742.12,879.85,190.25,34.66,478.63,7.4
Kanniyakumari,2021,Summer,19,75,3.95,27.09923913,32.23478261,23.32684783,76.53086957,374.9,1869.05,190.25,34.66,478.63,7.4
Kanniyakumari,2021,Winter,5700,20107,3.53,23.52022222,27.84533333,19.96022222,86.53655556,509.52,1631.71,190.25,34.66,478.63,7.4
Kanniyakumari,2022,Autumn,5639,20178,3.58,25.13754098,29.38721311,22.07491803,82.83606557,297.5,1017.69,190.25,34.66,478.63,7.4
Kanniyakumari,2022,Winter,5531,21325,3.86,24.77788889,29.88388889,20.71966667,80.25022222,192.93,1597.34,190.25,34.66,478.63,7.4
Karur,2010,Kharif,14808,56991,3.85,27.64631148,33.46188525,23.30196721,70.02631148,320.89,2395.69,90.7,11.295,418.78,8.4
Karur,2011,Kharif,17090,65737,3.85,28.02483607,34.33852459,23.2654918,65.66795082,293.11,2527.84,90.7,11.295,418.78,8.4
Karur,2012,Kharif,10907,44073,4.04,28.25385246,34.38180328,23.55172131,65.6692623,288.14,2551.42,90.7,11.295,418.78,8.4
Karur,2013,Kharif,12565,69898,5.56,27.79155738,33.63434426,23.43327869,67.44565574,280.95,2423.16,90.7,11.295,418.78,8.4
Karur,2014,Kharif,13445,68608,5.1,28.59196721,34.6354918,24.05770492,65.57754098,216.13,2561.59,90.7,11.295,418.78,8.4
Karur,2015,Kharif,13276,52886,3.98,28.74909836,34.92967213,23.90237705,65.40967213,235.15,2617.56,90.7,11.295,418.78,8.4
Karur,2016,Kharif,3672,10792,2.94,28.69409836,34.98204918,23.80327869,63.69942623,163.94,2535.56,90.7,11.295,418.78,8.4
Karur,2017,Summer,182,813,4.47,30.70847826,37.6073913,24.80956522,56.07293478,154.43,2065.21,217,29,462.5,7.75
Karur,2017,Winter,11011,41545,3.77,25.03822222,32.94877778,18.66744444,64.40233333,61.75,1689.72,217,29,462.5,7.75
Karur,2018,Summer,322,1350,4.19,29.90380435,36.64913043,24.10891304,58.91293478,178.6,2015.1,217,29,462.5,7.75
Karur,2018,Winter,11070,38210,3.45,25.06022222,32.85188889,18.97744444,67.57877778,37.04,1689.37,217,29,462.5,7.75
Karur,2019,Summer,268,1154,4.31,31.92423913,39.45956522,25.3276087,49.32347826,83.19,2161.31,217,29,462.5,7.75
Karur,2019,Winter,10862,37843,3.48,25.64677778,33.237,19.54144444,67.26388889,59.5,1644.9,217,29,462.5,7.75
Karur,2020,Autumn,1,5,5,25.80098361,30.77393443,21.9104918,80.48196721,298.15,1028.49,117,18.75,366,8.2
Karur,2020,Summer,219,903,4.12,31.52315217,38.8751087,25.24717391,51.53032609,56.42,2113.13,117,18.75,366,8.2
Karur,2020,Winter,12789,35839,2.8,25.1267033,32.22340659,19.41351648,71.99593407,100.69,1618.01,117,18.75,366,8.2
Karur,2021,Summer,615,2458,4,29.25434783,36.25934783,23.50717391,62.30576087,172.48,2074.1,117,18.75,366,8.2
Karur,2021,Winter,14344,43306,3.02,23.66677778,29.79811111,18.74777778,79.99377778,159.62,1581.56,117,18.75,366,8.2
Karur,2022,Summer,703,2794,3.97,29.50923913,36.60097826,23.65586957,61.20304348,189.37,1964.01,117,18.75,366,8.2
Karur,2022,Winter,14145,54887,3.88,24.64288889,31.08355556,19.61044444,76.23711111,100.86,1577.91,117,18.75,366,8.2
Krishnagiri,2010,Kharif,16337,70126,4.29,24.54434426,29.52770492,20.73508197,78.61368852,520.32,2172.63,183.48,25.62,152.07,7.23
Krishnagiri,2011,Kharif,20111,91443,4.55,25.39393443,31.49893443,20.7292623,70.42786885,354.09,2322.22,183.48,25.62,152.07,7.23
Krishnagiri,2012,Kharif,17753,72186,4.07,25.73901639,31.86885246,20.95721311,68.7345082,332.64,2378.53,183.48,25.62,152.07,7.23
Krishnagiri,2013,Kharif,29704,143404,4.83,24.43918033,29.61385246,20.4902459,76.65057377,531.57,2181.12,183.48,25.62,152.07,7.23
Krishnagiri,2014,Kharif,19264,94094,4.88,25.66844262,31.56991803,21.15459016,71.58811475,345.6,2336.56,183.48,25.62,152.07,7.23
Krishnagiri,2015,Kharif,22805,102306,4.49,26.08942623,32.28221311,21.2942623,69.78040984,292.14,2486.25,183.48,25.62,152.07,7.23
Krishnagiri,2016,Kharif,15987,69583,4.35,25.29819672,31.07598361,20.75713115,72.68885246,352.39,2294.86,183.48,25.62,152.07,7.23
Krishnagiri,2017,Autumn,2078,10392,5,22.75622951,26.97377049,19.39491803,86.63327869,232.53,954.65,149,46,304,7.8
Krishnagiri,2017,Summer,8885,43981,4.95,28.56706522,35.83543478,22.11086957,54.70576087,235.47,2053.96,149,46,304,7.8
Krishnagiri,2017,Winter,13922,63665,4.57,22.02066667,30.22444444,15.58188889,64.84055556,26.94,1696.46,149,46,304,7.8
Krishnagiri,2018,Autumn,3746,18238,4.87,23.67688525,30.26885246,18.8042623,73.92868852,128,1065.47,149,46,304,7.8
Krishnagiri,2018,Summer,7410,36086,4.87,27.96347826,35.17076087,21.6323913,56.42434783,214.68,2099.03,149,46,304,7.8
Krishnagiri,2018,Winter,11805,58290,4.94,22.53033333,30.88166667,16.21144444,65.17177778,11.65,1714.27,149,46,304,7.8
Krishnagiri,2019,Autumn,2922,14195,4.86,23.10229508,27.32852459,19.82672131,87.09245902,251.41,1033.11,149,46,304,7.8
Krishnagiri,2019,Summer,6627,33176,5.01,29.33945652,37.04630435,22.37978261,50.1373913,173.3,2184.95,149,46,304,7.8
Krishnagiri,2019,Winter,14019,63317,4.52,23.11444444,31.02577778,17.08455556,66.092,37.45,1639.54,149,46,304,7.8
Krishnagiri,2020,Autumn,3492,16642,4.77,22.78262295,27.31704918,19.2495082,85.65163934,266.69,978.05,164,15.8,208,7.7
Krishnagiri,2020,Summer,7537,33442,4.44,28.8823913,36.58271739,22.22413043,52.54184783,124.1,2129.67,164,15.8,208,7.7
Krishnagiri,2020,Winter,14304,71309,4.99,22.75582418,30.32626374,17.03582418,70.64934066,41.39,1675.08,164,15.8,208,7.7
Krishnagiri,2021,Autumn,5883,30172,5.13,23.02032787,26.71540984,20.25655738,88.47540984,457.28,790.28,164,15.8,208,7.7
Krishnagiri,2021,Summer,10169,36355,3.58,27.4676087,34.79956522,21.23228261,58.59097826,346.77,2131.64,164,15.8,208,7.7
Krishnagiri,2021,Winter,12351,52374,4.24,21.64766667,28.67144444,16.43155556,75.72177778,50.15,1581.49,164,15.8,208,7.7
Krishnagiri,2022,Autumn,6692,29189,4.36,22.23229508,26.82672131,18.60262295,86.26852459,279.88,916.89,164,15.8,208,7.7
Krishnagiri,2022,Summer,10416,42727,4.1,27.40358696,34.6798913,21.23358696,59.95652174,297.22,1983.23,164,15.8,208,7.7
Krishnagiri,2022,Winter,13376,61090,4.57,21.96611111,28.62277778,16.944,77.01566667,80.21,1565.85,164,15.8,208,7.7
Madurai,2010,Kharif,61064,260055,4.26,28.25901639,34.16860656,23.73270492,65.24590164,302.22,2409.52,195,18.67,259.5,8
Madurai,2011,Kharif,65635,304235,4.64,28.78721311,35.28319672,23.73631148,60.13827869,236.17,2572.46,195,18.67,259.5,8
Madurai,2012,Kharif,18024,65000,3.61,29.19270492,35.58557377,24.11844262,59.60639344,200.43,2587.11,195,18.67,259.5,8
Madurai,2013,Kharif,35268,163965,4.65,28.67680328,34.535,24.20811475,60.65598361,215.47,2423.81,195,18.67,259.5,8
Madurai,2014,Kharif,47717,197498,4.14,28.90016393,34.99295082,24.27360656,62.48385246,222.57,2612.05,195,18.67,259.5,8
Madurai,2015,Kharif,55983,203670,3.64,28.53836066,34.67221311,23.68934426,66.22704918,317.95,2607.26,195,18.67,259.5,8
Madurai,2016,Kharif,10407,34120,3.28,28.69590164,35.01057377,23.77721311,63.05229508,250.61,2567.08,195,18.67,259.5,8
Madurai,2017,Autumn,723,2972,4.11,25.83672131,30.05459016,22.55655738,82.25377049,265.66,1019.79,150,50,327,7.89
Madurai,2017,Summer,2796,9532,3.41,30.46391304,37.35097826,24.90891304,58.14043478,169.54,2027.75,150,50,327,7.89
Madurai,2017,Winter,17409,72073,4.14,24.75833333,31.98666667,19.03077778,69.00055556,81.61,1714.17,150,50,327,7.89
Madurai,2018,Autumn,2743,13372,4.87,25.74967213,30.5147541,22.04754098,80.55688525,282.29,973.21,150,50,327,7.89
Madurai,2018,Summer,9159,35957,3.93,29.32,35.82663043,24.13282609,63.59097826,192.52,1972.57,150,50,327,7.89
Madurai,2018,Winter,36559,151563,4.15,24.837,31.93155556,19.39644444,71.24688889,30.84,1698.43,150,50,327,7.89
Madurai,2019,Autumn,658,2699,4.1,25.5095082,29.2042623,22.54918033,86.50540984,432.98,1035.37,150,50,327,7.89
Madurai,2019,Summer,7714,28330,3.67,31.61445652,39.12695652,25.55804348,52.04282609,77.14,2123.28,150,50,327,7.89
Madurai,2019,Winter,32096,134887,4.2,25.28644444,32.15088889,19.878,72.35922222,70.25,1615.59,150,50,327,7.89
Madurai,2020,Autumn,1263,5504,4.36,25.97901639,30.58540984,22.3304918,80.7104918,510.41,1063.72,182,23.2,342,7.13
Madurai,2020,Summer,8741,32918,3.77,30.5076087,37.51467391,24.93369565,58.11195652,104.97,2055.44,182,23.2,342,7.13
Madurai,2020,Winter,34598,140628,4.06,24.72131868,30.84373626,19.8832967,77.36626374,148.27,1656.46,182,23.2,342,7.13
Madurai,2021,Autumn,8935,36499,4.08,25.48770492,29.10262295,22.66409836,86.63459016,528.58,915.65,182,23.2,342,7.13
Madurai,2021,Summer,8771,33393,3.81,28.60793478,35.17706522,23.45695652,67.08641304,156.98,2053.87,182,23.2,342,7.13
Madurai,2021,Winter,41767,151735,3.63,23.34944444,28.40866667,19.26577778,85.133,247.67,1666.67,182,23.2,342,7.13
Madurai,2022,Autumn,9808,37744,3.85,25.10557377,29.34344262,21.64180328,83.03983607,376.6,978.26,182,23.2,342,7.13
Madurai,2022,Summer,9076,33252,3.66,28.97347826,35.75923913,23.55173913,65.06032609,249.53,1990.75,182,23.2,342,7.13
Madurai,2022,Winter,39602,158025,3.99,24.47755556,30.14666667,20.057,79.89666667,147.87,1624.54,182,23.2,342,7.13
Mayiladuthurai,2020,Autumn,37571,179276,4.77,27.00327869,31.00081967,23.88131148,81.37442623,342.2,987.49,140,16.05,352.5,6.5
Mayiladuthurai,2020,Summer,8,34,4.25,31.11565217,37.56793478,26.25673913,60.78956522,49.59,2095.54,140,16.05,352.5,6.5
Mayiladuthurai,2020,Winter,68343,161247,2.36,25.11230769,29.74461538,21.65120879,80.7789011,384.66,1586.36,140,16.05,352.5,6.5
Mayiladuthurai,2021,Autumn,39068,149467,3.83,26.35672131,29.00147541,24.2895082,88.79180328,854.31,822.66,140,16.05,352.5,6.5
Mayiladuthurai,2021,Summer,30,119,3.97,29.56152174,35.30576087,25.13576087,68.48358696,97.2,2104.21,140,16.05,352.5,6.5
Mayiladuthurai,2021,Winter,68705,225967,3.29,24.25744444,28.29355556,21.13244444,86.18155556,270.71,1544.17,140,16.05,352.5,6.5
Mayiladuthurai,2022,Autumn,37901,135731,3.58,26.23868852,29.95688525,23.34819672,83.68180328,363.55,908.69,140,16.05,352.5,6.5
Mayiladuthurai,2022,Summer,127,504,3.97,29.91108696,35.75130435,25.37847826,67.2201087,164.45,1962.56,140,16.05,352.5,6.5
Mayiladuthurai,2022,Winter,68510,206818,3.02,24.80577778,29.19411111,21.58877778,83.91,231.69,1518.02,140,16.05,352.5,6.5
Nagapattinam,2010,Kharif,156049,321506,2.06,29.1492623,31.61983607,26.99442623,73.73827869,404.53,2393.25,64.3,32.08,283.07,7.063
Nagapattinam,2011,Kharif,170042,577026,3.39,29.71090164,32.47557377,27.26622951,69.08221311,237.68,2545.79,64.3,32.08,283.07,7.063
Nagapattinam,2012,Kharif,142210,201553,1.42,29.58622951,32.15319672,27.33008197,70.48098361,219.44,2555.76,64.3,32.08,283.07,7.063
Nagapattinam,2013,Kharif,154750,605329,3.91,29.41532787,32.03811475,27.10040984,70.74319672,311.67,2411.42,64.3,32.08,283.07,7.063
Nagapattinam,2014,Kharif,159499,579962,3.64,29.83983607,32.45196721,27.54114754,70.25647541,205.59,2543.75,64.3,32.08,283.07,7.063
Nagapattinam,2015,Kharif,163794,338260,2.07,29.60467213,32.16983607,27.41942623,73.20786885,303.71,2592.85,64.3,32.08,283.07,7.063
Nagapattinam,2016,Kharif,166312,263320,1.58,29.40155738,31.99795082,27.14344262,73.00614754,321.16,2519.82,64.3,32.08,283.07,7.063
Nagapattinam,2017,Autumn,34881,97562,2.8,27.80590164,29.25114754,26.57983607,82.64393443,578.71,907.7,126,38,210,7.8
Nagapattinam,2017,Summer,304,1358,4.47,29.63663043,32.13315217,27.66706522,73.77184783,111.49,2040.47,126,38,210,7.8
Nagapattinam,2017,Winter,128703,348528,2.71,25.90766667,27.95255556,24.32455556,74.71666667,181.91,1646.2,126,38,210,7.8
Nagapattinam,2018,Autumn,36966,151967,4.11,27.53885246,28.97918033,26.35918033,81.14918033,434.72,884.86,126,38,210,7.8
Nagapattinam,2018,Summer,545,2282,4.19,29.20054348,31.37304348,27.46315217,75.24097826,147.56,1986.21,126,38,210,7.8
Nagapattinam,2018,Winter,130729,413886,3.17,25.55866667,27.36944444,24.09944444,79.09833333,109.81,1622.61,126,38,210,7.8
Nagapattinam,2019,Autumn,36665,140038,3.82,27.71852459,28.88737705,26.70606557,82.55934426,470.95,1001.87,126,38,210,7.8
Nagapattinam,2019,Summer,388,1669,4.3,29.92836957,32.60413043,27.87902174,72.27652174,57.05,2141.34,126,38,210,7.8
Nagapattinam,2019,Winter,132169,416902,3.15,26.27677778,28.14711111,24.84466667,77.17311111,145.97,1609.81,126,38,210,7.8
Nagapattinam,2020,Autumn,8190,33432,4.08,27.91540984,29.59377049,26.43606557,80.99377049,377.6,989.86,180,12.35,137.94,7.3
Nagapattinam,2020,Summer,74,307,4.15,29.75173913,32.1773913,27.89217391,71.91804348,78.79,2080.31,180,12.35,137.94,7.3
Nagapattinam,2020,Winter,65309,105509,1.62,26.39384615,28.03604396,25.08648352,77.77571429,337.86,1581.7,180,12.35,137.94,7.3
Nagapattinam,2021,Autumn,13215,53013,4.01,27.43918033,28.48016393,26.48508197,85.88786885,860.05,832.93,180,12.35,137.94,7.3
Nagapattinam,2021,Summer,307,1228,4,29.1298913,31.37858696,27.32521739,75.43815217,147.88,2055.96,180,12.35,137.94,7.3
Nagapattinam,2021,Winter,64683,180059,2.78,25.97977778,27.442,24.78955556,80.47755556,257.24,1556.48,180,12.35,137.94,7.3
Nagapattinam,2022,Autumn,18261,65305,3.58,27.29819672,28.81836066,25.99590164,81.18196721,422.99,902.44,180,12.35,137.94,7.3
Nagapattinam,2022,Summer,623,2478,3.98,29.25076087,31.59608696,27.37869565,75.66347826,195.84,1965.16,180,12.35,137.94,7.3
Nagapattinam,2022,Winter,65157,204099,3.13,26.08177778,27.693,24.82555556,80.65322222,229.29,1525.26,180,12.35,137.94,7.3
Namakkal,2010,Kharif,14058,53956,3.84,27.64631148,33.46188525,23.30196721,70.02631148,320.89,2257.51,184.9,33.53,595,8.2
Namakkal,2011,Kharif,8129,35747,4.4,28.02483607,34.33852459,23.2654918,65.66795082,293.11,2408.76,184.9,33.53,595,8.2
Namakkal,2012,Kharif,5545,20254,3.65,28.25385246,34.38180328,23.55172131,65.6692623,288.14,2460.86,184.9,33.53,595,8.2
Namakkal,2013,Kharif,9180,50983,5.55,27.79155738,33.63434426,23.43327869,67.44565574,280.95,2275.11,184.9,33.53,595,8.2
Namakkal,2014,Kharif,10416,53325,5.12,28.59196721,34.6354918,24.05770492,65.57754098,216.13,2402.17,184.9,33.53,595,8.2
Namakkal,2015,Kharif,11983,60391,5.04,28.74909836,34.92967213,23.90237705,65.40967213,235.15,2534.71,184.9,33.53,595,8.2
Namakkal,2016,Kharif,2188,7133,3.26,28.69409836,34.98204918,23.80327869,63.69942623,163.94,2398.02,184.9,33.53,595,8.2
Namakkal,2017,Autumn,622,2397,3.85,25.90770492,30.60016393,22.22344262,80.97934426,204.5,942.23,199.5,20,583,8.2
Namakkal,2017,Summer,528,2359,4.47,30.70847826,37.6073913,24.80956522,56.07293478,154.43,2007.42,199.5,20,583,8.2
Namakkal,2017,Winter,6161,35685,5.79,25.03822222,32.94877778,18.66744444,64.40233333,61.75,1676.94,199.5,20,583,8.2
Namakkal,2018,Autumn,4515,14793,3.28,26.10704918,31.93344262,21.59918033,76.40311475,194.34,982.45,199.5,20,583,8.2
Namakkal,2018,Summer,221,927,4.19,29.90380435,36.64913043,24.10891304,58.91293478,178.6,2014.84,199.5,20,583,8.2
Namakkal,2018,Winter,2899,13027,4.49,25.06022222,32.85188889,18.97744444,67.57877778,37.04,1694.66,199.5,20,583,8.2
Namakkal,2019,Autumn,608,2495,4.1,25.68442623,29.88868852,22.35213115,84.68393443,279.58,1017.47,199.5,20,583,8.2
Namakkal,2019,Summer,842,3623,4.3,31.92423913,39.45956522,25.3276087,49.32347826,83.19,2162.37,199.5,20,583,8.2
Namakkal,2019,Winter,9103,41616,4.57,25.64677778,33.237,19.54144444,67.26388889,59.5,1636.03,199.5,20,583,8.2
Namakkal,2020,Autumn,817,3561,4.36,25.80098361,30.77393443,21.9104918,80.48196721,298.15,1004.49,222,50,764,8.34
Namakkal,2020,Summer,1266,5215,4.12,31.52315217,38.8751087,25.24717391,51.53032609,56.42,2087.61,222,50,764,8.34
Namakkal,2020,Winter,8198,29346,3.58,25.1267033,32.22340659,19.41351648,71.99593407,100.69,1628.67,222,50,764,8.34
Namakkal,2021,Autumn,871,3557,4.08,25.37327869,28.95065574,22.52754098,86.75639344,425.25,823.4,222,50,764,8.34
Namakkal,2021,Summer,869,3471,3.99,29.25434783,36.25934783,23.50717391,62.30576087,172.48,2078.06,222,50,764,8.34
Namakkal,2021,Winter,9013,44873,4.98,23.66677778,29.79811111,18.74777778,79.99377778,159.62,1550.98,222,50,764,8.34
Namakkal,2022,Autumn,812,3123,3.85,25.20245902,29.94344262,21.34131148,81.25377049,279.19,915.54,222,50,764,8.34
Namakkal,2022,Summer,880,3497,3.97,29.50923913,36.60097826,23.65586957,61.20304348,189.37,1938.5,222,50,764,8.34
Namakkal,2022,Winter,8752,47032,5.37,24.64288889,31.08355556,19.61044444,76.23711111,100.86,1548.13,222,50,764,8.34
Perambalur,2010,Kharif,14245,54714,3.84,28.18713115,33.88877049,23.83336066,68.9147541,345.75,2257.51,129.74,20.64,420.3,8.06
Perambalur,2011,Kharif,13099,58475,4.46,28.81188525,35.09254098,23.95770492,63.18311475,299.82,2408.76,129.74,20.64,420.3,8.06
Perambalur,2012,Kharif,7299,20892,2.86,28.85065574,34.79877049,24.11221311,64.2757377,302.47,2460.86,129.74,20.64,420.3,8.06
Perambalur,2013,Kharif,7175,36163,5.04,28.56147541,34.35278689,24.08934426,65.10516393,293.54,2275.11,129.74,20.64,420.3,8.06
Perambalur,2014,Kharif,8994,43431,4.83,29.28090164,35.3245082,24.63655738,63.35991803,219.53,2402.17,129.74,20.64,420.3,8.06
Perambalur,2015,Kharif,14089,64208,4.56,29.07172131,35.04508197,24.30180328,65.47696721,269.2,2534.71,129.74,20.64,420.3,8.06
Perambalur,2016,Kharif,3319,9439,2.84,29.09860656,35.19180328,24.24483607,63.61303279,220.42,2398.02,129.74,20.64,420.3,8.06
Perambalur,2017,Autumn,327,1260,3.85,25.99688525,30.21098361,22.71360656,82.96967213,277.46,942.23,133,21.25,461.9,7.7
Perambalur,2017,Summer,1499,6698,4.47,30.89119565,38.03543478,25.075,57.84543478,101.37,2007.42,133,21.25,461.9,7.7
Perambalur,2017,Winter,7407,37065,5,24.62188889,32.006,18.847,70.40277778,95.81,1676.94,133,21.25,461.9,7.7
Perambalur,2018,Autumn,89,383,4.3,25.94065574,31.14295082,21.95983607,80.15213115,274.92,982.45,133,21.25,461.9,7.7
Perambalur,2018,Summer,970,4063,4.19,29.90847826,36.80043478,24.27152174,61.82880435,127.56,2014.84,133,21.25,461.9,7.7
Perambalur,2018,Winter,1554,6434,4.14,24.33822222,31.51133333,18.86155556,74.49122222,44.79,1694.66,133,21.25,461.9,7.7
Perambalur,2019,Autumn,60,247,4.12,25.67918033,29.48819672,22.74393443,86.97852459,336.29,1017.47,133,21.25,461.9,7.7
Perambalur,2019,Summer,2392,10293,4.3,31.90891304,39.74043478,25.54152174,52.23967391,38.97,2162.37,133,21.25,461.9,7.7
Perambalur,2019,Winter,3710,16448,4.43,25.08277778,32.07766667,19.68322222,73.58266667,85.94,1636.03,133,21.25,461.9,7.7
Perambalur,2020,Autumn,128,556,4.34,26.03639344,30.69688525,22.40229508,81.42704918,268.84,1004.49,108,12.4,291,8.3
Perambalur,2020,Summer,2368,9759,4.12,31.36967391,38.97358696,25.24413043,54.87369565,42.04,2087.61,108,12.4,291,8.3
Perambalur,2020,Winter,4624,15190,3.29,24.52274725,30.80472527,19.63285714,78.06813187,214.2,1628.67,108,12.4,291,8.3
Perambalur,2021,Autumn,187,764,4.09,25.53868852,28.81213115,22.97770492,88.25721311,587.72,823.4,108,12.4,291,8.3
Perambalur,2021,Summer,3220,12859,3.99,29.27782609,36.18706522,23.79706522,64.7501087,122.3,2078.06,108,12.4,291,8.3
Perambalur,2021,Winter,5518,22265,4.03,23.39333333,28.83088889,19.06111111,84.18744444,188.92,1550.98,108,12.4,291,8.3
Perambalur,2022,Autumn,260,1003,3.86,25.34459016,29.77622951,21.78459016,83.26704918,292.89,915.54,108,12.4,291,8.3
Perambalur,2022,Summer,2198,8737,3.97,29.52826087,36.4425,24.01728261,63.91521739,165.97,1938.5,108,12.4,291,8.3
Perambalur,2022,Winter,5064,20438,4.04,24.13766667,29.812,19.80622222,81.87122222,152.81,1548.13,108,12.4,291,8.3
Pudukkottai,2010,Kharif,92901,208874,2.25,28.9997541,34.61836066,24.60688525,65.64639344,314.21,2395.69,96.09,56.044,101.38,7.2
Pudukkottai,2011,Kharif,92590,334264,3.61,29.58565574,35.77016393,24.75909836,60.37877049,265.13,2527.84,96.09,56.044,101.38,7.2
Pudukkottai,2012,Kharif,83585,240394,2.88,29.66221311,35.53786885,24.92631148,61.50139344,250.43,2551.42,96.09,56.044,101.38,7.2
Pudukkottai,2013,Kharif,72652,119895,1.65,29.44467213,35.15311475,25.00254098,61.2352459,234.68,2423.16,96.09,56.044,101.38,7.2
Pudukkottai,2014,Kharif,67238,279126,4.15,29.87836066,35.74967213,25.30868852,61.46098361,200.25,2561.59,96.09,56.044,101.38,7.2
Pudukkottai,2015,Kharif,73625,258976,3.52,29.48786885,35.32877049,24.76934426,65.05401639,269.53,2617.56,96.09,56.044,101.38,7.2
Pudukkottai,2016,Kharif,69142,73659,1.07,29.74213115,35.7204918,24.90418033,61.7304918,200.02,2535.56,96.09,56.044,101.38,7.2
Pudukkottai,2017,Autumn,2652,10221,3.85,26.63885246,30.83262295,23.35508197,81.42,259.25,991.34,101.5,32.5,110,7.635
Pudukkottai,2017,Summer,1619,7234,4.47,31.1448913,37.94608696,25.73380435,58.7523913,93.64,2065.21,101.5,32.5,110,7.635
Pudukkottai,2017,Winter,81410,154191,1.89,25.20566667,32.19688889,19.682,70.68733333,98.18,1689.72,101.5,32.5,110,7.635
Pudukkottai,2018,Autumn,3073,13169,4.29,26.41606557,31.22590164,22.70819672,80.26852459,295,951.45,101.5,32.5,110,7.635
Pudukkottai,2018,Summer,4841,12303,2.54,30.10956522,36.47184783,24.99597826,63.33228261,134.87,2015.1,101.5,32.5,110,7.635
Pudukkottai,2018,Winter,67011,171356,2.56,25.00588889,31.79144444,19.80044444,74.14177778,46.09,1689.37,101.5,32.5,110,7.635
Pudukkottai,2019,Autumn,4072,15182,3.73,26.16704918,29.78409836,23.34213115,86.44639344,389.63,1055.66,101.5,32.5,110,7.635
Pudukkottai,2019,Summer,3835,11967,3.12,32.10586957,39.51391304,26.26065217,53.65891304,31.5,2161.31,101.5,32.5,110,7.635
Pudukkottai,2019,Winter,79902,246039,3.08,25.64622222,32.23788889,20.55422222,73.956,107.93,1644.9,101.5,32.5,110,7.635
Pudukkottai,2020,Autumn,4562,18461,4.05,26.69803279,31.29229508,23.09081967,80.20344262,301.82,1028.49,175,21.5,260,6.92
Pudukkottai,2020,Summer,7405,21366,2.89,31.28967391,38.31467391,25.7476087,57.64532609,67.68,2113.13,175,21.5,260,6.92
Pudukkottai,2020,Winter,79974,169425,2.12,25.04076923,30.83626374,20.49516484,78.78868132,245.14,1618.01,175,21.5,260,6.92
Pudukkottai,2021,Autumn,5919,19816,3.35,26.0242623,29.29688525,23.43770492,87.63934426,577.64,883.53,175,21.5,260,6.92
Pudukkottai,2021,Summer,10018,25066,2.5,29.35978261,35.66945652,24.33391304,66.73413043,101.3,2074.1,175,21.5,260,6.92
Pudukkottai,2021,Winter,93362,279134,2.99,23.83744444,28.76877778,19.90455556,85.71011111,244.05,1581.56,175,21.5,260,6.92
Pudukkottai,2022,Autumn,8481,30209,3.56,25.78262295,30.00213115,22.37377049,83.20770492,321.05,963.97,175,21.5,260,6.92
Pudukkottai,2022,Summer,4511,16346,3.62,29.73108696,36.19793478,24.60336957,65.07043478,162.94,1964.01,175,21.5,260,6.92
Pudukkottai,2022,Winter,88047,308400,3.5,24.61711111,29.86655556,20.569,82.63322222,228.99,1577.91,175,21.5,260,6.92
Ramanathapuram,2010,Kharif,131397,253999,1.93,29.31852459,33.56672131,25.98204918,67.76803279,291.99,2409.52,128,37.5,817.89,8.199
Ramanathapuram,2011,Kharif,128960,438236,3.4,29.87598361,34.54131148,26.18631148,63.36606557,129.59,2572.46,128,37.5,817.89,8.199
Ramanathapuram,2012,Kharif,116505,68559,0.59,30.13090164,34.64786885,26.46565574,63.15508197,120.98,2587.11,128,37.5,817.89,8.199
Ramanathapuram,2013,Kharif,114981,33928,0.3,29.68336066,34.16155738,26.17385246,64.32434426,140.49,2423.81,128,37.5,817.89,8.199
Ramanathapuram,2014,Kharif,116867,423162,3.62,29.84262295,34.29270492,26.36016393,66.1854918,179.42,2612.05,128,37.5,817.89,8.199
Ramanathapuram,2015,Kharif,116582,303463,2.6,29.47663934,33.65901639,26.12254098,70.21327869,231,2607.26,128,37.5,817.89,8.199
Ramanathapuram,2016,Kharif,121849,244,0,30.09811475,34.69327869,26.33459016,63.74098361,122.74,2567.08,128,37.5,817.89,8.199
Ramanathapuram,2017,Winter,126643,35967,0.28,26.08822222,30.58444444,22.48566667,72.286,123.41,1714.17,115,26.29,1130,7.88
Ramanathapuram,2018,Winter,125617,55397,0.44,26.26022222,30.71277778,22.781,73.40366667,43.36,1698.43,115,26.29,1130,7.88
Ramanathapuram,2019,Winter,127288,321481,2.53,26.49177778,30.71,23.19577778,75.28077778,132.62,1615.59,115,26.29,1130,7.88
Ramanathapuram,2020,Winter,133847,349191,2.61,26.11263736,29.7278022,23.2032967,78.68241758,285.78,1656.46,154,12.54,567,7.11
Ramanathapuram,2021,Winter,136340,316868,2.32,25.23288889,28.36022222,22.68211111,83.959,371.06,1666.67,154,12.54,567,7.11
Ramanathapuram,2022,Winter,134571,117722,0.87,25.97455556,29.49977778,23.20233333,80.05644444,325.97,1624.54,154,12.54,567,7.11
Ranipet,2020,Autumn,6809,32147,4.72,25.15655738,29.31803279,21.77229508,85.19229508,468.24,959.35,126,16.9,125,7.65
Ranipet,2020,Summer,21004,96390,4.59,30.37326087,38.50652174,23.98054348,58.34206522,104.02,2132.09,126,16.9,125,7.65
Ranipet,2020,Winter,9659,39138,4.05,23.56208791,29.86967033,18.8656044,78.03912088,168.11,1600.97,126,16.9,125,7.65
Ranipet,2021,Autumn,11003,50092,4.55,25.19918033,28.48163934,22.70770492,89.05229508,715.18,789.98,126,16.9,125,7.65
Ranipet,2021,Summer,18951,78052,4.12,29.41923913,37.09967391,23.39826087,61.6223913,103.32,2133.4,126,16.9,125,7.65
Ranipet,2021,Winter,14511,46729,3.22,22.53544444,28.11988889,18.23777778,83.04266667,169.75,1558.34,126,16.9,125,7.65
Ranipet,2022,Autumn,12074,52458,4.34,24.5195082,28.78770492,21.3157377,85.37262295,372.3,889.97,126,16.9,125,7.65
Ranipet,2022,Summer,16846,70889,4.21,29.67728261,37.21826087,23.77978261,61.11152174,115.1,1991.48,126,16.9,125,7.65
Ranipet,2022,Winter,14683,55892,3.81,23.02955556,28.58788889,18.80544444,83.40588889,188.93,1516.17,126,16.9,125,7.65
Salem,2010,Kharif,33296,147778,4.44,26.92418033,32.64311475,22.52122951,72.79409836,404.47,2257.51,185.45,26.244,309.433,7.22
Salem,2011,Kharif,27745,125327,4.52,27.66762295,34.08491803,22.65942623,65.93614754,311.77,2408.76,185.45,26.244,309.433,7.22
Salem,2012,Kharif,12929,52953,4.1,27.85934426,34.12008197,22.88385246,65.76122951,332.06,2460.86,185.45,26.244,309.433,7.22
Salem,2013,Kharif,20148,97052,4.82,27.18385246,33.02565574,22.64147541,68.99622951,374.85,2275.11,185.45,26.244,309.433,7.22
Salem,2014,Kharif,19343,102748,5.31,28.16614754,34.40065574,23.31565574,65.76213115,266.59,2402.17,185.45,26.244,309.433,7.22
Salem,2015,Kharif,24714,122541,4.96,28.3245082,34.60032787,23.25295082,65.61188525,249.69,2534.71,185.45,26.244,309.433,7.22
Salem,2016,Kharif,5024,18415,3.67,28.2597541,34.6002459,23.13639344,64.0454918,191.37,2398.02,185.45,26.244,309.433,7.22
Salem,2017,Autumn,363,1399,3.85,25.18,29.75459016,21.53344262,82.44918033,200.34,942.23,161,16,403,8
Salem,2017,Summer,4220,18268,4.33,30.27413043,37.37608696,24.16304348,55.48554348,181.82,2007.42,161,16,403,8
Salem,2017,Winter,14100,75068,5.32,24.42777778,32.63166667,17.79355556,63.36033333,54.59,1676.94,161,16,403,8
Salem,2018,Autumn,412,1765,4.28,25.62737705,31.83262295,20.83213115,74.90459016,172.63,982.45,161,16,403,8
Salem,2018,Summer,502,2102,4.19,29.63271739,36.58684783,23.56293478,57.31097826,174.04,2014.84,161,16,403,8
Salem,2018,Winter,8839,33504,3.79,24.63922222,32.77377778,18.20222222,65.51588889,28.33,1694.66,161,16,403,8
Salem,2019,Autumn,295,1211,4.11,25.05360656,29.26901639,21.70688525,85.43065574,264.95,1017.47,161,16,403,8
Salem,2019,Summer,4154,17484,4.21,31.39217391,39.02619565,24.70619565,49.01521739,106.29,2162.37,161,16,403,8
Salem,2019,Winter,15141,65898,4.35,25.17888889,33.02788889,18.85777778,65.72155556,48.63,1636.03,161,16,403,8
Salem,2020,Autumn,398,1736,4.36,25.08360656,29.95229508,21.17344262,81.61557377,245.53,1004.49,224,25,352,7.9
Salem,2020,Summer,8545,31291,3.66,31.20467391,38.67706522,24.7748913,49.97195652,59.85,2087.61,224,25,352,7.9
Salem,2020,Winter,20065,85591,4.27,24.70791209,32.20571429,18.73252747,70.2589011,78.15,1628.67,224,25,352,7.9
Salem,2021,Autumn,399,1630,4.09,24.78557377,28.31032787,21.9547541,87.28918033,434.93,823.4,224,25,352,7.9
Salem,2021,Summer,7669,42503,5.54,29.0823913,36.30358696,23.05130435,60.08130435,261.11,2078.06,224,25,352,7.9
Salem,2021,Winter,17660,75784,4.29,23.35388889,30.01455556,18.01811111,77.26788889,116.53,1550.98,224,25,352,7.9
Salem,2022,Autumn,445,1714,3.85,24.5452459,29.30721311,20.60836066,82.16065574,264.99,915.54,224,25,352,7.9
Salem,2022,Summer,6072,23717,3.91,29.21532609,36.47858696,23.14130435,60.13086957,217.51,1938.5,224,25,352,7.9
Salem,2022,Winter,17782,74552,4.19,24.10044444,30.83655556,18.857,75.25177778,85.33,1548.13,224,25,352,7.9
Sivaganga,2010,Kharif,83927,188417,2.25,29.35122951,34.6157377,25.13311475,64.7097541,316.6,2409.52,137.5,25.125,293.37,6.425
Sivaganga,2011,Kharif,83781,310176,3.7,30.0504918,35.86893443,25.37098361,59.17672131,205.52,2572.46,137.5,25.125,293.37,6.425
Sivaganga,2012,Kharif,70632,130306,1.84,30.25713115,35.84811475,25.63114754,59.42098361,188.92,2587.11,137.5,25.125,293.37,6.425
Sivaganga,2013,Kharif,65447,46084,0.7,29.94319672,35.39286885,25.59122951,59.45672131,193.64,2423.81,137.5,25.125,293.37,6.425
Sivaganga,2014,Kharif,65087,224876,3.46,30.09590164,35.65491803,25.66163934,61.39319672,201.02,2612.05,137.5,25.125,293.37,6.425
Sivaganga,2015,Kharif,67207,189480,2.82,29.53778689,34.9454918,25.10639344,66.25754098,272.69,2607.26,137.5,25.125,293.37,6.425
Sivaganga,2016,Kharif,65207,42855,0.66,30.12647541,35.78163934,25.42491803,60.65991803,170.33,2567.08,137.5,25.125,293.37,6.425
Sivaganga,2017,Autumn,42,162,3.86,26.99327869,30.86360656,23.97672131,80.77704918,258.64,1019.79,126,31.31,333,7.3
Sivaganga,2017,Summer,130,581,4.47,30.91119565,37.02652174,26.21913043,61.15532609,90.78,2027.75,126,31.31,333,7.3
Sivaganga,2017,Winter,71978,63773,0.89,25.51511111,31.67755556,20.64388889,71.71722222,107.01,1714.17,126,31.31,333,7.3
Sivaganga,2018,Autumn,20,84,4.2,26.60065574,30.69131148,23.44672131,81.13,347.08,973.21,126,31.31,333,7.3
Sivaganga,2018,Summer,477,1999,4.19,29.91771739,35.45619565,25.62119565,65.91630435,142.89,1972.57,126,31.31,333,7.3
Sivaganga,2018,Winter,62995,39200,0.62,25.54044444,31.54911111,20.91977778,73.74644444,44.75,1698.43,126,31.31,333,7.3
Sivaganga,2019,Autumn,131,537,4.1,26.50409836,29.67836066,24.01459016,85.73508197,514.58,1035.37,126,31.31,333,7.3
Sivaganga,2019,Summer,817,3512,4.3,31.7475,38.32956522,26.80163043,56.63663043,26.18,2123.28,126,31.31,333,7.3
Sivaganga,2019,Winter,69423,184267,2.65,25.955,31.74322222,21.51688889,74.801,131.63,1615.59,126,31.31,333,7.3
Sivaganga,2020,Autumn,71,309,4.35,27.18918033,31.39393443,23.87868852,79.22590164,357.17,1063.72,135.5,35.66,347.5,6.5
Sivaganga,2020,Summer,1107,4562,4.12,30.81423913,36.82097826,26.23282609,61.42467391,98.52,2055.44,135.5,35.66,347.5,6.5
Sivaganga,2020,Winter,76739,190659,2.48,25.37791209,30.3578022,21.46032967,79.55879121,277.26,1656.46,135.5,35.66,347.5,6.5
Sivaganga,2021,Autumn,742,3030,4.08,26.33442623,29.39803279,23.94147541,86.92803279,605.14,915.65,135.5,35.66,347.5,6.5
Sivaganga,2021,Summer,1375,5490,3.99,29.32532609,34.8173913,24.98369565,68.51869565,102.78,2053.87,135.5,35.66,347.5,6.5
Sivaganga,2021,Winter,81924,218729,2.67,24.28866667,28.55466667,20.88433333,85.979,300.15,1666.67,135.5,35.66,347.5,6.5
Sivaganga,2022,Autumn,1047,4031,3.85,26.13344262,29.90311475,23.05557377,82.53672131,376.15,978.26,135.5,35.66,347.5,6.5
Sivaganga,2022,Summer,991,3940,3.98,29.66152174,35.3951087,25.1301087,67.03228261,179.71,1990.75,135.5,35.66,347.5,6.5
Sivaganga,2022,Winter,80348,205864,2.56,25.10933333,29.77611111,21.49877778,82.04011111,316.18,1624.54,135.5,35.66,347.5,6.5
Thanjavur,2010,Kharif,166209,476793,2.87,29.06606557,34.01729508,25.11778689,68.63778689,407.26,2393.25,118.676,67.78,115.55,6.9
Thanjavur,2011,Kharif,180859,722576,4,29.99344262,35.52508197,25.52819672,61.2542623,292.31,2545.79,118.676,67.78,115.55,6.9
Thanjavur,2012,Kharif,146959,431121,2.93,29.96377049,35.19942623,25.6492623,62.54180328,296.2,2555.76,118.676,67.78,115.55,6.9
Thanjavur,2013,Kharif,167289,831483,4.97,29.61721311,34.79172131,25.47991803,63.85655738,329.38,2411.42,118.676,67.78,115.55,6.9
Thanjavur,2014,Kharif,177756,696193,3.92,30.26385246,35.61688525,25.99983607,62.18295082,227.48,2543.75,118.676,67.78,115.55,6.9
Thanjavur,2015,Kharif,177426,636999,3.59,30.035,35.34327869,25.72286885,64.87245902,265,2592.85,118.676,67.78,115.55,6.9
Thanjavur,2016,Kharif,147193,410117,2.79,29.81008197,35.15754098,25.43836066,64.74385246,270.84,2519.82,118.676,67.78,115.55,6.9
Thanjavur,2017,Autumn,33386,118353,3.54,26.89147541,30.39819672,24.15016393,83.48491803,471.22,907.7,140,92.3,170,7
Thanjavur,2017,Summer,13538,59148,4.37,30.91663043,37.19630435,26.09184783,62.48206522,86.88,2040.47,140,92.3,170,7
Thanjavur,2017,Winter,123773,491007,3.97,25.01066667,30.64266667,20.77366667,74.55033333,176.71,1646.2,140,92.3,170,7
Thanjavur,2018,Autumn,41900,168773,4.03,26.44262295,30.25803279,23.53901639,83.2357377,441.29,884.86,140,92.3,170,7
Thanjavur,2018,Summer,15466,59252,3.83,30.05423913,35.88793478,25.56032609,66.0776087,96.23,1986.21,140,92.3,170,7
Thanjavur,2018,Winter,128219,455399,3.55,24.39722222,29.59566667,20.49311111,80.79677778,73.81,1622.61,140,92.3,170,7
Thanjavur,2019,Autumn,37085,139259,3.76,26.55836066,29.65327869,24.2104918,86.76721311,474.48,1001.87,140,92.3,170,7
Thanjavur,2019,Summer,20044,81310,4.06,31.58413043,38.46413043,26.39282609,59.19021739,27.77,2141.34,140,92.3,170,7
Thanjavur,2019,Winter,135102,494543,3.66,25.44188889,30.74955556,21.52944444,77.48211111,138.38,1609.81,140,92.3,170,7
Thanjavur,2020,Autumn,59272,242403,4.09,27.00327869,31.00081967,23.88131148,81.37442623,342.2,989.86,109,31.25,155.12,7.1
Thanjavur,2020,Summer,18186,76110,4.19,31.11565217,37.56793478,26.25673913,60.78956522,49.59,2080.31,109,31.25,155.12,7.1
Thanjavur,2020,Winter,136338,285926,2.1,25.11230769,29.74461538,21.65120879,80.7789011,384.66,1581.7,109,31.25,155.12,7.1
Thanjavur,2021,Autumn,66260,282766,4.27,26.35672131,29.00147541,24.2895082,88.79180328,854.31,832.93,109,31.25,155.12,7.1
Thanjavur,2021,Summer,12453,44425,3.57,29.56152174,35.30576087,25.13576087,68.48358696,97.2,2055.96,109,31.25,155.12,7.1
Thanjavur,2021,Winter,140009,546939,3.91,24.25744444,28.29355556,21.13244444,86.18155556,270.71,1556.48,109,31.25,155.12,7.1
Thanjavur,2022,Autumn,72005,276157,3.84,26.23868852,29.95688525,23.34819672,83.68180328,363.55,902.44,109,31.25,155.12,7.1
Thanjavur,2022,Summer,16975,54972,3.24,29.91108696,35.75130435,25.37847826,67.2201087,164.45,1965.16,109,31.25,155.12,7.1
Thanjavur,2022,Winter,136857,506478,3.7,24.80577778,29.19411111,21.58877778,83.91,231.69,1525.26,109,31.25,155.12,7.1
The nilgiris,2010,Kharif,392,1400,3.57,22.7602459,27.29081967,19.60196721,83.50278689,537,1900.48,15.5,50.951,121.3,5.328
The nilgiris,2011,Kharif,399,1646,4.13,22.76040984,27.70286885,19.41754098,81.37721311,438.56,1874.75,15.5,50.951,121.3,5.328
The nilgiris,2012,Kharif,289,1148,3.97,23.42270492,29.00827869,19.74590164,77.86565574,320.96,2038.6,15.5,50.951,121.3,5.328
The nilgiris,2013,Kharif,328,1420,4.33,22.51262295,26.94163934,19.51147541,83.46204918,563.9,1808.88,15.5,50.951,121.3,5.328
The nilgiris,2014,Kharif,32,150,4.69,23.00696721,27.40295082,19.93606557,83.48672131,561.5,2027.26,15.5,50.951,121.3,5.328
The nilgiris,2015,Kharif,318,1418,4.46,24.03680328,29.54598361,20.22090164,77.16254098,270.68,2167.96,15.5,50.951,121.3,5.328
The nilgiris,2016,Kharif,243,1043,4.29,23.49467213,28.93737705,19.76983607,78.22032787,288.2,2001.65,15.5,50.951,121.3,5.328
The nilgiris,2017,Autumn,239,921,3.85,22.18688525,26.55393443,18.7842623,86.18360656,185.74,953.94,276.6,65,296,5.6
The nilgiris,2018,Autumn,207,888,4.29,22.57672131,27.97393443,18.40606557,78.8195082,205.41,1087.38,276.6,65,296,5.6
The nilgiris,2019,Autumn,170,698,4.11,22.1842623,26.07393443,19.16704918,88.74229508,326.22,1000,276.6,65,296,5.6
The nilgiris,2020,Autumn,180,782,4.34,22.25,27.00540984,18.61360656,84.50311475,253.01,1023.44,211,18,261,6.4
The nilgiris,2021,Autumn,159,649,4.08,22.09163934,25.60213115,19.45213115,89.6342623,480.67,810.01,211,18,261,6.4
The nilgiris,2022,Autumn,91,349,3.84,21.82540984,26.34967213,18.31901639,85.20885246,248.34,936.78,211,18,261,6.4
Theni,2010,Kharif,15355,74010,4.82,23.78319672,29.05836066,20.06745902,76.36606557,412.62,2234.85,133.71,12.33,282.5,7.593
Theni,2011,Kharif,14735,79132,5.37,23.87622951,29.6452459,19.78352459,73.35795082,325.72,2317.13,133.71,12.33,282.5,7.593
Theni,2012,Kharif,10321,47635,4.62,24.3702459,30.32696721,20.16860656,72.26401639,249.66,2404.04,133.71,12.33,282.5,7.593
Theni,2013,Kharif,12499,50813,4.07,23.60483607,28.7292623,20.0345082,75.63065574,385.42,2232.09,133.71,12.33,282.5,7.593
Theni,2014,Kharif,13842,71903,5.19,24.15008197,29.3645082,20.54155738,75.52745902,367.9,2409.26,133.71,12.33,282.5,7.593
Theni,2015,Kharif,14631,79374,5.43,24.35106557,29.81967213,20.33508197,75.53918033,364.62,2483.05,133.71,12.33,282.5,7.593
Theni,2016,Kharif,6210,37442,6.03,24.105,29.7002459,20.1845082,74.31737705,322.5,2407.76,133.71,12.33,282.5,7.593
Theni,2017,Autumn,1475,8036,5.45,22.63016393,26.56540984,19.54590164,86.23852459,291.66,988.63,175,15,240,7.72
Theni,2017,Summer,311,1390,4.47,26.93369565,33.6601087,21.50315217,62.74521739,225.69,2011,175,15,240,7.72
Theni,2017,Winter,5269,27831,5.28,21.903,28.82477778,16.524,69.06,77.28,1700.5,175,15,240,7.72
Theni,2018,Autumn,4039,23824,5.9,22.65508197,26.93327869,19.28786885,83.57065574,299.8,991.92,175,15,240,7.72
Theni,2018,Summer,3794,15887,4.19,26.1848913,32.47380435,21.21228261,65.50847826,232.31,1964.07,175,15,240,7.72
Theni,2018,Winter,5668,30431,5.37,22.00133333,28.49211111,16.92344444,71.99877778,31.65,1681.03,175,15,240,7.72
Theni,2019,Autumn,641,2633,4.11,22.73770492,26.39032787,19.89590164,88.19016393,440.65,1014.32,175,15,240,7.72
Theni,2019,Summer,1671,7191,4.3,28.21728261,35.56369565,22.15804348,54.38891304,111.48,2126.41,175,15,240,7.72
Theni,2019,Winter,6618,26844,4.06,22.47588889,29.08988889,17.40411111,72.81477778,58.97,1633.87,175,15,240,7.72
Theni,2020,Autumn,2388,10408,4.36,22.63934426,27.00016393,19.29491803,85.06196721,539.84,1026.45,182.5,13,250,7.52
Theni,2020,Summer,1955,8056,4.12,27.18108696,33.99608696,21.7173913,61.05641304,127.07,2018.61,182.5,13,250,7.52
Theni,2020,Winter,5934,25278,4.26,21.79945055,27.58131868,17.36384615,79.43472527,133.19,1618.8,182.5,13,250,7.52
Theni,2021,Autumn,5223,21335,4.08,22.4757377,25.9857377,19.77311475,89.23983607,576.08,863.26,182.5,13,250,7.52
Theni,2021,Summer,1672,6679,3.99,25.22347826,31.49641304,20.37358696,70.46978261,236.62,2009.85,182.5,13,250,7.52
Theni,2021,Winter,6407,24380,3.81,20.744,25.47988889,17.02011111,85.41788889,278.94,1557.83,182.5,13,250,7.52
Theni,2022,Autumn,5380,20705,3.85,22.2147541,26.26967213,18.94639344,85.71508197,377.67,937.13,182.5,13,250,7.52
Theni,2022,Summer,3570,14190,3.97,25.5351087,32.01304348,20.38271739,69.12163043,307.49,1862.64,182.5,13,250,7.52
Theni,2022,Winter,4098,13660,3.33,21.53677778,26.70533333,17.50177778,82.37122222,128.39,1565.93,182.5,13,250,7.52
Thenkasi,2020,Autumn,2247,9508,4.23,25.23508197,29.62786885,21.90590164,84.83098361,363.06,1075.77,151,17.9,419,7.53
Thenkasi,2020,Summer,14746,59132,4.01,29.43304348,35.9523913,24.37130435,64.16402174,189.65,1913.07,151,17.9,419,7.53
Thenkasi,2020,Winter,18158,67766,3.73,24.55681319,30.36230769,19.82285714,79.12340659,117.7,1656.67,151,17.9,419,7.53
Thenkasi,2021,Autumn,8961,34193,3.82,24.8047541,28.19360656,22.23,89.6842623,754.52,879.85,151,17.9,419,7.53
Thenkasi,2021,Summer,12775,36231,2.84,27.15956522,32.9448913,22.72173913,75.71597826,354.95,1869.05,151,17.9,419,7.53
Thenkasi,2021,Winter,24783,100524,4.06,23.19711111,27.94322222,19.19555556,86.37988889,543.59,1631.71,151,17.9,419,7.53
Thenkasi,2022,Autumn,4113,16460,4,24.96131148,29.36065574,21.65147541,84.0604918,327.22,1017.69,151,17.9,419,7.53
Thenkasi,2022,Summer,9653,35679,3.7,27.82978261,34.02152174,23.17782609,71.80565217,276.71,1854.83,151,17.9,419,7.53
Thenkasi,2022,Winter,21994,81739,3.72,24.52011111,30.03455556,20.01922222,80.23244444,154.31,1597.34,151,17.9,419,7.53
Thiruvallur,2010,Kharif,83219,250210,3.01,28.6492623,32.48795082,25.57942623,75.26016393,527.12,2191.18,94.56,47,191,7
Thiruvallur,2011,Kharif,79219,313044,3.95,29.47991803,33.97442623,25.90229508,68.32295082,496.18,2389.68,94.56,47,191,7
Thiruvallur,2012,Kharif,78337,300455,3.84,29.54262295,33.9492623,26.05483607,67.60368852,384.15,2383.64,94.56,47,191,7
Thiruvallur,2013,Kharif,95827,451522,4.71,28.68516393,32.83442623,25.27311475,72.60729508,570.75,2186.53,94.56,47,191,7
Thiruvallur,2014,Kharif,96348,426203,4.42,29.5652459,33.97967213,26.03598361,69.52647541,462.84,2341.94,94.56,47,191,7
Thiruvallur,2015,Kharif,101396,333203,3.29,29.69418033,34.03311475,26.21409836,69.8907377,417.52,2409.36,94.56,47,191,7
Thiruvallur,2016,Kharif,96967,297131,3.06,29.12336066,33.40639344,25.59155738,71.70106557,418.33,2262.71,94.56,47,191,7
Thiruvallur,2017,Autumn,24842,106696,4.29,26.74442623,29.23901639,24.78704918,84.32344262,587.71,888.26,112.5,40,225,6.7
Thiruvallur,2017,Summer,24769,105665,4.27,30.88097826,36.79271739,26.51923913,62.52934783,21.76,2077.09,112.5,40,225,6.7
Thiruvallur,2017,Winter,52998,200491,3.78,24.70722222,29.39566667,21.20577778,73.33633333,49.91,1643.86,112.5,40,225,6.7
Thiruvallur,2018,Autumn,24583,108888,4.43,26.95540984,30.42147541,24.38491803,78.15032787,353.41,1045.03,112.5,40,225,6.7
Thiruvallur,2018,Summer,16354,66895,4.09,30.0273913,35.43119565,25.97706522,65.92445652,43.75,2106.79,112.5,40,225,6.7
Thiruvallur,2018,Winter,47936,205095,4.28,24.46922222,28.86955556,21.22522222,76.23122222,66.95,1634.54,112.5,40,225,6.7
Thiruvallur,2019,Autumn,18297,90737,4.96,26.87983607,29.38967213,24.87032787,83.54704918,398.01,976.44,112.5,40,225,6.7
Thiruvallur,2019,Summer,26745,121916,4.56,30.8725,36.77423913,26.46967391,63.34608696,14.36,2174.21,112.5,40,225,6.7
Thiruvallur,2019,Winter,51567,207074,4.02,25.21977778,29.60422222,22.06344444,75.12944444,138.74,1536.9,112.5,40,225,6.7
Thiruvallur,2020,Autumn,22911,105181,4.59,26.86885246,29.66245902,24.47081967,82.87967213,611.5,910.44,203,25,130,6.6
Thiruvallur,2020,Summer,26676,106407,3.99,30.16695652,35.63141304,26.06097826,65.87836957,138.31,2151.02,203,25,130,6.6
Thiruvallur,2020,Winter,51524,194071,3.77,25.08791209,28.90098901,22.30043956,76.70065934,246.62,1578.08,203,25,130,6.6
Thiruvallur,2021,Autumn,24974,102275,4.1,26.81983607,28.90065574,25.13311475,86.66,953.52,784.11,203,25,130,6.6
Thiruvallur,2021,Summer,25405,98347,3.87,29.54445652,34.85195652,25.60304348,68.07793478,77.28,2118.86,203,25,130,6.6
Thiruvallur,2021,Winter,53333,149590,2.8,24.55266667,28.10911111,21.83433333,79.55755556,276.86,1537.08,203,25,130,6.6
Thiruvallur,2022,Autumn,25203,106850,4.24,26.27967213,29.04983607,24.16377049,82.74491803,509,874.49,203,25,130,6.6
Thiruvallur,2022,Summer,25017,99578,3.98,29.72706522,34.96326087,25.80847826,68.3648913,79.77,1989.82,203,25,130,6.6
Thiruvallur,2022,Winter,51387,177851,3.46,24.86511111,28.42166667,22.18555556,80.44555556,241.1,1497.98,203,25,130,6.6
Thiruvarur,2010,Kharif,160237,285589,1.78,29.06606557,34.01729508,25.11778689,68.63778689,407.26,2393.25,64.2,13.202,172.3,7.22
Thiruvarur,2011,Kharif,186307,789997,4.24,29.99344262,35.52508197,25.52819672,61.2542623,292.31,2545.79,64.2,13.202,172.3,7.22
Thiruvarur,2012,Kharif,158904,192843,1.21,29.96377049,35.19942623,25.6492623,62.54180328,296.2,2555.76,64.2,13.202,172.3,7.22
Thiruvarur,2013,Kharif,174366,820538,4.71,29.61721311,34.79172131,25.47991803,63.85655738,329.38,2411.42,64.2,13.202,172.3,7.22
Thiruvarur,2014,Kharif,192615,852925,4.43,30.26385246,35.61688525,25.99983607,62.18295082,227.48,2543.75,64.2,13.202,172.3,7.22
Thiruvarur,2015,Kharif,194743,666958,3.42,30.035,35.34327869,25.72286885,64.87245902,265,2592.85,64.2,13.202,172.3,7.22
Thiruvarur,2016,Kharif,186958,332913,1.78,29.81008197,35.15754098,25.43836066,64.74385246,270.84,2519.82,64.2,13.202,172.3,7.22
Thiruvarur,2017,Autumn,23521,102199,4.35,26.89147541,30.39819672,24.15016393,83.48491803,471.22,907.7,175,51.1,273,6.82
Thiruvarur,2017,Summer,10043,35110,3.5,30.91663043,37.19630435,26.09184783,62.48206522,86.88,2040.47,175,51.1,273,6.82
Thiruvarur,2017,Winter,147435,562612,3.82,25.01066667,30.64266667,20.77366667,74.55033333,176.71,1646.2,175,51.1,273,6.82
Thiruvarur,2018,Autumn,28404,122812,4.32,26.44262295,30.25803279,23.53901639,83.2357377,441.29,884.86,175,51.1,273,6.82
Thiruvarur,2018,Summer,9966,36124,3.62,30.05423913,35.88793478,25.56032609,66.0776087,96.23,1986.21,175,51.1,273,6.82
Thiruvarur,2018,Winter,150339,497500,3.31,24.39722222,29.59566667,20.49311111,80.79677778,73.81,1622.61,175,51.1,273,6.82
Thiruvarur,2019,Autumn,22685,89389,3.94,26.55836066,29.65327869,24.2104918,86.76721311,474.48,1001.87,175,51.1,273,6.82
Thiruvarur,2019,Summer,9738,42283,4.34,31.58413043,38.46413043,26.39282609,59.19021739,27.77,2141.34,175,51.1,273,6.82
Thiruvarur,2019,Winter,148477,527607,3.55,25.44188889,30.74955556,21.52944444,77.48211111,138.38,1609.81,175,51.1,273,6.82
Thiruvarur,2020,Autumn,38765,156529,4.04,27.00327869,31.00081967,23.88131148,81.37442623,342.2,989.86,135,18.27,304.7,6.7
Thiruvarur,2020,Summer,8720,27953,3.21,31.11565217,37.56793478,26.25673913,60.78956522,49.59,2080.31,135,18.27,304.7,6.7
Thiruvarur,2020,Winter,147374,365289,2.48,25.11230769,29.74461538,21.65120879,80.7789011,384.66,1581.7,135,18.27,304.7,6.7
Thiruvarur,2021,Autumn,54943,230302,4.19,26.35672131,29.00147541,24.2895082,88.79180328,854.31,832.93,135,18.27,304.7,6.7
Thiruvarur,2021,Summer,3531,12996,3.68,29.56152174,35.30576087,25.13576087,68.48358696,97.2,2055.96,135,18.27,304.7,6.7
Thiruvarur,2021,Winter,147321,509773,3.46,24.25744444,28.29355556,21.13244444,86.18155556,270.71,1556.48,135,18.27,304.7,6.7
Thiruvarur,2022,Autumn,61589,224225,3.64,26.23868852,29.95688525,23.34819672,83.68180328,363.55,902.44,135,18.27,304.7,6.7
Thiruvarur,2022,Summer,8202,26747,3.26,29.91108696,35.75130435,25.37847826,67.2201087,164.45,1965.16,135,18.27,304.7,6.7
Thiruvarur,2022,Winter,148318,486521,3.28,24.80577778,29.19411111,21.58877778,83.91,231.69,1525.26,135,18.27,304.7,6.7
Thoothukudi,2010,Kharif,20007,89442,4.47,28.82795082,33.9007377,25.24131148,68.7892623,192.01,2475.77,75,33,661,8
Thoothukudi,2011,Kharif,17678,85771,4.85,29.19040984,34.65827869,25.2857377,65.65418033,83.78,2641.33,75,33,661,8
Thoothukudi,2012,Kharif,6234,24375,3.91,29.4757377,34.90893443,25.6254918,65.38590164,68.08,2636.71,75,33,661,8
Thoothukudi,2013,Kharif,11730,55451,4.73,28.64008197,33.62106557,25.19868852,68.79721311,106.88,2458.01,75,33,661,8
Thoothukudi,2014,Kharif,16281,84111,5.17,29.00081967,33.9957377,25.51196721,69.4757377,141.27,2657.24,75,33,661,8
Thoothukudi,2015,Kharif,18556,74558,4.02,28.83655738,33.63229508,25.3902459,72.53754098,206.59,2621.64,75,33,661,8
Thoothukudi,2016,Kharif,4808,15683,3.26,29.19672131,34.69213115,25.29459016,67.6047541,110.59,2615.21,75,33,661,8
Thoothukudi,2017,Autumn,327,722,2.21,27.20983607,30.93081967,24.41622951,81.03032787,370.55,1045.46,130,26,664,8.09
Thoothukudi,2017,Summer,9611,42942,4.47,30.795,36.5076087,26.47923913,63.08902174,88.93,2027.66,130,26,664,8.09
Thoothukudi,2017,Winter,3748,17286,4.61,26.24211111,31.66411111,21.757,71.64577778,122.87,1724.29,130,26,664,8.09
Thoothukudi,2018,Autumn,1287,4869,3.78,26.6957377,29.99377049,24.04622951,82.79737705,367.84,995.34,130,26,664,8.09
Thoothukudi,2018,Summer,8109,33960,4.19,29.84630435,34.86304348,26.04913043,67.82152174,124.47,1928.61,130,26,664,8.09
Thoothukudi,2018,Winter,4813,17823,3.7,26.48344444,31.99944444,22.114,72.135,25.28,1713.08,130,26,664,8.09
Thoothukudi,2019,Autumn,497,2041,4.11,26.8547541,29.78147541,24.4352459,85.16393443,660.63,1046.92,130,26,664,8.09
Thoothukudi,2019,Summer,10901,40259,3.69,31.39717391,37.2973913,26.97815217,59.99967391,33.28,2078.22,130,26,664,8.09
Thoothukudi,2019,Winter,4121,15207,3.69,26.73288889,31.93488889,22.48644444,73.94355556,92.41,1673.19,130,26,664,8.09
Thoothukudi,2020,Autumn,2142,9335,4.36,27.58459016,31.79344262,24.45901639,78.60721311,439.41,1114.87,178,16.7,781,7.17
Thoothukudi,2020,Summer,12143,43844,3.61,30.55597826,35.8648913,26.61782609,64.76423913,103.74,2026.18,178,16.7,781,7.17
Thoothukudi,2020,Winter,2167,6993,3.23,26.28659341,30.97230769,22.4410989,77.79846154,155.86,1705.55,178,16.7,781,7.17
Thoothukudi,2021,Autumn,4973,20314,4.08,26.88196721,30.12065574,24.46459016,84.47344262,727.18,960.03,178,16.7,781,7.17
Thoothukudi,2021,Summer,10859,41163,3.79,29.25043478,34.2751087,25.44902174,70.99021739,180.29,2005.75,178,16.7,781,7.17
Thoothukudi,2021,Winter,3784,12044,3.18,25.07411111,28.97066667,21.78566667,84.70255556,527.23,1698.78,178,16.7,781,7.17
Thoothukudi,2022,Autumn,1952,7511,3.85,26.82622951,30.61163934,23.89213115,79.91278689,345.45,1031.47,178,16.7,781,7.17
Thoothukudi,2022,Summer,8477,36415,4.3,29.44902174,34.77184783,25.44586957,69.8351087,206.66,1968.62,178,16.7,781,7.17
Thoothukudi,2022,Winter,2404,9267,3.85,26.364,31.09022222,22.60133333,77.69788889,152.95,1661.49,178,16.7,781,7.17
Tiruchirappalli,2010,Kharif,67165,268136,3.99,28.18713115,33.88877049,23.83336066,68.9147541,345.75,2395.69,128.958,19.824,415.5,7.6
Tiruchirappalli,2011,Kharif,63939,302478,4.73,28.81188525,35.09254098,23.95770492,63.18311475,299.82,2527.84,128.958,19.824,415.5,7.6
Tiruchirappalli,2012,Kharif,45237,138079,3.05,28.85065574,34.79877049,24.11221311,64.2757377,302.47,2551.42,128.958,19.824,415.5,7.6
Tiruchirappalli,2013,Kharif,48050,226632,4.72,28.56147541,34.35278689,24.08934426,65.10516393,293.54,2423.16,128.958,19.824,415.5,7.6
Tiruchirappalli,2014,Kharif,51272,240199,4.68,29.28090164,35.3245082,24.63655738,63.35991803,219.53,2561.59,128.958,19.824,415.5,7.6
Tiruchirappalli,2015,Kharif,58571,244213,4.17,29.07172131,35.04508197,24.30180328,65.47696721,269.2,2617.56,128.958,19.824,415.5,7.6
Tiruchirappalli,2016,Kharif,27068,76591,2.83,29.09860656,35.19180328,24.24483607,63.61303279,220.42,2535.56,128.958,19.824,415.5,7.6
Tiruchirappalli,2017,Autumn,3453,14972,4.34,25.99688525,30.21098361,22.71360656,82.96967213,277.46,991.34,163,38,312,8.1
Tiruchirappalli,2017,Summer,2693,12032,4.47,30.89119565,38.03543478,25.075,57.84543478,101.37,2065.21,163,38,312,8.1
Tiruchirappalli,2017,Winter,40477,211330,5.22,24.62188889,32.006,18.847,70.40277778,95.81,1689.72,163,38,312,8.1
Tiruchirappalli,2018,Autumn,4105,18147,4.42,25.94065574,31.14295082,21.95983607,80.15213115,274.92,951.45,163,38,312,8.1
Tiruchirappalli,2018,Summer,1664,6967,4.19,29.90847826,36.80043478,24.27152174,61.82880435,127.56,2015.1,163,38,312,8.1
Tiruchirappalli,2018,Winter,38492,208599,5.42,24.33822222,31.51133333,18.86155556,74.49122222,44.79,1689.37,163,38,312,8.1
Tiruchirappalli,2019,Autumn,3522,18508,5.25,25.67918033,29.48819672,22.74393443,86.97852459,336.29,1055.66,163,38,312,8.1
Tiruchirappalli,2019,Summer,2970,11824,3.98,31.90891304,39.74043478,25.54152174,52.23967391,38.97,2161.31,163,38,312,8.1
Tiruchirappalli,2019,Winter,43131,179810,4.17,25.08277778,32.07766667,19.68322222,73.58266667,85.94,1644.9,163,38,312,8.1
Tiruchirappalli,2020,Autumn,5104,24674,4.83,26.03639344,30.69688525,22.40229508,81.42704918,268.84,1028.49,172,10,623,8.27
Tiruchirappalli,2020,Summer,5001,17918,3.58,31.36967391,38.97358696,25.24413043,54.87369565,42.04,2113.13,172,10,623,8.27
Tiruchirappalli,2020,Winter,44171,157141,3.56,24.52274725,30.80472527,19.63285714,78.06813187,214.2,1618.01,172,10,623,8.27
Tiruchirappalli,2021,Autumn,6268,25783,4.11,25.53868852,28.81213115,22.97770492,88.25721311,587.72,883.53,172,10,623,8.27
Tiruchirappalli,2021,Summer,6488,22874,3.53,29.27782609,36.18706522,23.79706522,64.7501087,122.3,2074.1,172,10,623,8.27
Tiruchirappalli,2021,Winter,52344,190541,3.64,23.39333333,28.83088889,19.06111111,84.18744444,188.92,1581.56,172,10,623,8.27
Tiruchirappalli,2022,Autumn,6539,27023,4.13,25.34459016,29.77622951,21.78459016,83.26704918,292.89,963.97,172,10,623,8.27
Tiruchirappalli,2022,Summer,5663,20115,3.55,29.52826087,36.4425,24.01728261,63.91521739,165.97,1964.01,172,10,623,8.27
Tiruchirappalli,2022,Winter,56027,207337,3.7,24.13766667,29.812,19.80622222,81.87122222,152.81,1577.91,172,10,623,8.27
Tirunelveli,2010,Kharif,79764,351822,4.41,25.72040984,29.94827869,23.0042623,81.56352459,316.25,2179.12,158.99,31.82,431.127,8.2
Tirunelveli,2011,Kharif,86725,459399,5.3,25.9904918,30.53106557,23.1057377,78.80565574,223.04,2320.14,158.99,31.82,431.127,8.2
Tirunelveli,2012,Kharif,45401,182667,4.02,26.2695082,30.75729508,23.42319672,78.16557377,184.7,2426.03,158.99,31.82,431.127,8.2
Tirunelveli,2013,Kharif,62281,362994,5.83,25.15836066,28.69893443,22.8604918,84.59803279,385.15,2129.16,158.99,31.82,431.127,8.2
Tirunelveli,2014,Kharif,84824,433217,5.11,25.74368852,29.41434426,23.37934426,83.2857377,381.81,2341.35,158.99,31.82,431.127,8.2
Tirunelveli,2015,Kharif,98506,488445,4.96,25.9492623,29.76204918,23.41336066,83.69295082,278.75,2354.24,158.99,31.82,431.127,8.2
Tirunelveli,2016,Kharif,29881,105193,3.52,26.02122951,30.36614754,23.26557377,80.30991803,170.3,2369.09,158.99,31.82,431.127,8.2
Tirunelveli,2017,Autumn,1735,7204,4.15,25.27459016,29.13819672,22.47032787,85.1257377,442.96,966.64,172.5,42.5,417.5,8.1
Tirunelveli,2017,Summer,25219,112956,4.48,28.84445652,35.04228261,24.46336957,67.16793478,140.8,1928.74,172.5,42.5,417.5,8.1
Tirunelveli,2017,Winter,36358,174046,4.79,24.988,31.11233333,20.07511111,72.557,124.83,1674.54,172.5,42.5,417.5,8.1
Tirunelveli,2018,Autumn,14351,62674,4.37,24.95163934,28.56295082,22.14393443,85.70491803,359.34,972.9,172.5,42.5,417.5,8.1
Tirunelveli,2018,Summer,31075,124172,4,27.93282609,33.36217391,24.00978261,72.01565217,203.68,1844.8,172.5,42.5,417.5,8.1
Tirunelveli,2018,Winter,37557,175160,4.66,24.98633333,31.01566667,20.28044444,74.59933333,24.97,1677.88,172.5,42.5,417.5,8.1
Tirunelveli,2019,Autumn,2296,9462,4.12,25.07393443,28.32344262,22.57180328,87.94032787,597.76,993.37,172.5,42.5,417.5,8.1
Tirunelveli,2019,Summer,33776,131473,3.89,29.76097826,36.52945652,24.9376087,62.68347826,65.12,2034.59,172.5,42.5,417.5,8.1
Tirunelveli,2019,Winter,43137,174433,4.04,25.571,31.63744444,20.82055556,73.76222222,83.66,1638.72,172.5,42.5,417.5,8.1
Tirunelveli,2020,Autumn,4075,19074,4.68,25.55196721,29.73016393,22.55245902,83.6704918,339.12,1075.77,237,32,210,7.9
Tirunelveli,2020,Summer,23577,102623,4.35,29.00630435,35.06086957,24.59586957,67.33913043,174.85,1913.07,237,32,210,7.9
Tirunelveli,2020,Winter,12124,55265,4.56,24.66791209,29.92593407,20.4932967,80.56714286,107.46,1656.67,237,32,210,7.9
Tirunelveli,2021,Autumn,14491,61721,4.26,24.83377049,27.85934426,22.65114754,89.32704918,742.12,879.85,237,32,210,7.9
Tirunelveli,2021,Summer,18202,71710,3.94,27.09923913,32.23478261,23.32684783,76.53086957,374.9,1869.05,237,32,210,7.9
Tirunelveli,2021,Winter,20027,84073,4.2,23.52022222,27.84533333,19.96022222,86.53655556,509.52,1631.71,237,32,210,7.9
Tirunelveli,2022,Autumn,9567,33719,3.52,25.13754098,29.38721311,22.07491803,82.83606557,297.5,1017.69,237,32,210,7.9
Tirunelveli,2022,Summer,9922,43397,4.37,27.65543478,33.20108696,23.71673913,73.49282609,241.51,1854.83,237,32,210,7.9
Tirunelveli,2022,Winter,14901,65868,4.42,24.77788889,29.88388889,20.71966667,80.25022222,192.93,1597.34,237,32,210,7.9
Tirupathur,2010,Autumn,1699,6538,3.85,24.06229508,27.73442623,21.22836066,87.01852459,341.46,929.27,127,13.3,188,7.398
Tirupathur,2010,Summer,2887,13289,4.6,29.82608696,37.6598913,23.47619565,56.3998913,151.88,2148.95,127,13.3,188,7.398
Tirupathur,2010,Winter,5137,22593,4.4,23.02433333,29.93788889,17.841,75.26688889,80.98,1573.49,127,13.3,188,7.398
Tirupathur,2020,Autumn,360,1571,4.36,24.02295082,28.33295082,20.52245902,85.48344262,311.87,978.05,133,27.6,345,8.01
Tirupathur,2020,Summer,1894,7803,4.12,29.99315217,38.02086957,23.42119565,54.345,86.28,2129.67,133,27.6,345,8.01
Tirupathur,2020,Winter,3907,11411,2.92,23.15395604,30.18296703,17.8756044,75.2178022,102.89,1675.08,133,27.6,345,8.01
Tirupathur,2021,Autumn,1906,7784,4.08,24.10606557,27.52803279,21.52852459,88.9342623,548.52,790.28,133,27.6,345,8.01
Tirupathur,2021,Summer,3385,13518,3.99,28.45434783,35.92532609,22.49173913,61.06130435,239.58,2131.64,133,27.6,345,8.01
Tirupathur,2021,Winter,5224,17308,3.31,21.947,28.138,17.25455556,80.77255556,86.89,1581.49,133,27.6,345,8.01
Tiruppur,2010,Kharif,11797,46945,3.98,27.00581967,32.67344262,22.97991803,71.30827869,288.57,2201.19,94.78,7.9,269.7,7.685
Tiruppur,2011,Kharif,10612,48936,4.61,27.12172131,33.05836066,22.89057377,68.45942623,223.63,2243.84,94.78,7.9,269.7,7.685
Tiruppur,2012,Kharif,245,604,2.47,27.67942623,33.80540984,23.32688525,66.50204918,203.79,2365.51,94.78,7.9,269.7,7.685
Tiruppur,2013,Kharif,7511,43377,5.78,26.94713115,32.46377049,23.06122951,69.88590164,248.36,2179.79,94.78,7.9,269.7,7.685
Tiruppur,2014,Kharif,10776,61916,5.75,27.6754918,33.30163934,23.63844262,68.68844262,229.29,2362.08,94.78,7.9,269.7,7.685
Tiruppur,2015,Kharif,10645,48167,4.52,27.91909836,33.89098361,23.49278689,68.31098361,248.97,2489.08,94.78,7.9,269.7,7.685
Tiruppur,2016,Kharif,1703,6422,3.77,27.59786885,33.67442623,23.17368852,67.83237705,188.54,2310.79,94.78,7.9,269.7,7.685
Tiruppur,2017,Summer,712,3181,4.47,30.22804348,36.94456522,24.60304348,56.27130435,172.69,2043.9,165,13.5,375,7.2
Tiruppur,2017,Winter,6905,39573,5.73,24.975,32.67833333,18.65377778,60.396,55.96,1751.32,165,13.5,375,7.2
Tiruppur,2018,Summer,690,2888,4.19,29.67815217,36.15293478,24.1925,57.09434783,200.54,2052.53,165,13.5,375,7.2
Tiruppur,2018,Winter,9717,49113,5.05,24.92622222,32.45588889,19.15622222,65.18377778,36.78,1726.61,165,13.5,375,7.2
Tiruppur,2019,Summer,664,2857,4.3,31.65358696,38.94630435,25.30021739,47.55826087,94.96,2168.23,165,13.5,375,7.2
Tiruppur,2019,Winter,9185,44903,4.89,25.62166667,33.00544444,19.65988889,63.91011111,52.9,1695.65,165,13.5,375,7.2
Tiruppur,2020,Summer,778,3206,4.12,31.31347826,38.16173913,25.30847826,49.51228261,58.18,2078.16,196,14.38,350,8.2
Tiruppur,2020,Winter,9766,42353,4.34,25.0632967,32.02637363,19.42384615,69.93142857,91.44,1688.28,196,14.38,350,8.2
Tiruppur,2021,Autumn,786,3211,4.09,25.01131148,28.60557377,22.17459016,86.60409836,428.47,853.37,196,14.38,350,8.2
Tiruppur,2021,Summer,1292,5158,3.99,28.93119565,35.73173913,23.35815217,60.98695652,185.65,2071.94,196,14.38,350,8.2
Tiruppur,2021,Winter,9500,41521,4.37,23.58322222,29.56033333,18.82477778,78.67533333,148.48,1595.88,196,14.38,350,8.2
Tiruppur,2022,Autumn,918,3534,3.85,24.88114754,29.5304918,21.1152459,81.14918033,287.22,963.83,196,14.38,350,8.2
Tiruppur,2022,Summer,652,2592,3.98,29.15858696,36.10717391,23.52119565,60.52891304,217.4,1905.14,196,14.38,350,8.2
Tiruppur,2022,Winter,8832,39336,4.45,24.51866667,30.851,19.56411111,74.75233333,96.36,1615.61,196,14.38,350,8.2
Tiruvannamalai,2010,Kharif,125490,357692,2.85,28.58614754,33.60081967,24.58295082,71.60114754,491.73,2216.58,194,23.577,152,7.1
Tiruvannamalai,2011,Kharif,103924,356196,3.43,29.63467213,35.28819672,25.05114754,63.2297541,384.29,2465.74,194,23.577,152,7.1
Tiruvannamalai,2012,Kharif,91774,325511,3.55,29.70877049,35.19762295,25.21672131,63.39065574,347.79,2466.01,194,23.577,152,7.1
Tiruvannamalai,2013,Kharif,82625,359403,4.35,28.73254098,34.0057377,24.52204918,68.69204918,497.39,2266.81,194,23.577,152,7.1
Tiruvannamalai,2014,Kharif,93130,439225,4.72,29.77827869,35.35934426,25.36409836,64.59237705,355.69,2437.2,194,23.577,152,7.1
Tiruvannamalai,2015,Kharif,138880,550738,3.97,29.87180328,35.52729508,25.28704918,65.17319672,330.1,2541.98,194,23.577,152,7.1
Tiruvannamalai,2016,Kharif,78149,291303,3.73,29.19360656,34.59581967,24.74942623,67.83295082,363.86,2377.04,194,23.577,152,7.1
Tiruvannamalai,2017,Autumn,15163,60243,3.97,26.1804918,29.69934426,23.4447541,85.46147541,467.66,908.71,224,37,250,7.5
Tiruvannamalai,2017,Summer,60769,280996,4.62,31.09065217,38.15152174,25.52228261,59.28673913,69.5,2088.96,224,37,250,7.5
Tiruvannamalai,2017,Winter,85777,363008,4.23,24.41177778,30.831,19.46822222,73.42233333,127.35,1654.12,224,37,250,7.5
Tiruvannamalai,2018,Autumn,20777,73540,3.54,26.11409836,30.72295082,22.65688525,81.20590164,387.24,996.08,224,37,250,7.5
Tiruvannamalai,2018,Summer,32203,138609,4.3,29.93217391,36.6026087,24.75902174,64.5126087,84.96,2106.35,224,37,250,7.5
Tiruvannamalai,2018,Winter,44067,178641,4.05,24.026,30.10477778,19.36655556,77.72233333,54.04,1638.78,224,37,250,7.5
Tiruvannamalai,2019,Autumn,11356,46903,4.13,26.26819672,29.85131148,23.5104918,85.71327869,390.27,998.9,224,37,250,7.5
Tiruvannamalai,2019,Summer,62170,259644,4.18,31.49902174,38.89771739,25.76304348,57.5323913,40.47,2191.59,224,37,250,7.5
Tiruvannamalai,2019,Winter,88153,382922,4.34,24.94211111,31.05255556,20.38811111,75.86666667,102.28,1591.7,224,37,250,7.5
Tiruvannamalai,2020,Autumn,25295,108023,4.27,26.29803279,30.2804918,23.05327869,83.22229508,461.52,959.35,217,29,204,6
Tiruvannamalai,2020,Summer,92093,407534,4.43,30.9326087,37.92021739,25.65826087,60.0325,59.02,2132.09,217,29,204,6
Tiruvannamalai,2020,Winter,53220,198721,3.73,24.66120879,30.0843956,20.56241758,78.53857143,295.76,1600.97,217,29,204,6
Tiruvannamalai,2021,Autumn,37002,142808,3.86,26.04016393,28.92409836,23.8257377,88.6004918,886.97,789.98,217,29,204,6
Tiruvannamalai,2021,Summer,63568,266233,4.19,29.54141304,36.03184783,24.66771739,66.40913043,113.32,2133.4,217,29,204,6
Tiruvannamalai,2021,Winter,83852,266495,3.18,23.777,28.659,19.894,83.23577778,197.65,1558.34,217,29,204,6
Tiruvannamalai,2022,Autumn,38590,150778,3.91,25.72409836,29.66901639,22.6742623,83.8447541,410.68,889.97,217,29,204,6
Tiruvannamalai,2022,Summer,60274,254210,4.22,29.76923913,36.29608696,24.7276087,66.01467391,161.83,1991.48,217,29,204,6
Tiruvannamalai,2022,Winter,71829,241070,3.36,24.43344444,29.48322222,20.60144444,81.60333333,160.49,1516.17,217,29,204,6
Vellore,2010,Kharif,43222,152825,3.54,27.66647541,32.76737705,23.69081967,73.46827869,511.59,2216.58,261,11,273,8.3
Vellore,2011,Kharif,37988,151266,3.98,28.76827869,34.76368852,24.05803279,64.38491803,433.98,2465.74,261,11,273,8.3
Vellore,2012,Kharif,35707,152804,4.28,28.93557377,34.88934426,24.21655738,63.57655738,381.25,2466.01,261,11,273,8.3
Vellore,2013,Kharif,39366,192496,4.89,27.64270492,33.05090164,23.42254098,70.85368852,557.74,2266.81,261,11,273,8.3
Vellore,2014,Kharif,36583,194725,5.32,28.88606557,34.76745902,24.3104918,65.6704918,396.56,2437.2,261,11,273,8.3
Vellore,2015,Kharif,51771,202224,3.91,28.89139344,34.74844262,24.22663934,66.87672131,412.46,2541.98,261,11,273,8.3
Vellore,2016,Kharif,44570,187013,4.2,28.14278689,33.77540984,23.61311475,69.45090164,417.84,2377.04,261,11,273,8.3
Vellore,2017,Autumn,12552,53120,4.23,24.99737705,28.82016393,22.07770492,86.6995082,415.17,908.71,224,14.5,250,7.52
Vellore,2017,Summer,23264,114436,4.92,31.30271739,39.47195652,24.71,53.3598913,56.38,2088.96,224,14.5,250,7.52
Vellore,2017,Winter,19122,87617,4.58,23.19755556,30.61655556,17.51711111,73.05511111,51.25,1654.12,224,14.5,250,7.52
Vellore,2018,Autumn,12124,55933,4.61,25.54065574,31.30803279,21.35836066,77.79131148,258.14,996.08,224,14.5,250,7.52
Vellore,2018,Summer,15517,74879,4.83,29.99467391,37.85586957,23.76804348,59.10119565,91.29,2106.35,224,14.5,250,7.52
Vellore,2018,Winter,12996,55914,4.3,23.08688889,30.17055556,17.84355556,75.34166667,41.16,1638.78,224,14.5,250,7.52
Vellore,2019,Autumn,4971,22536,4.53,25.15737705,29.10819672,22.12852459,86.88918033,284.19,998.9,224,14.5,250,7.52
Vellore,2019,Summer,26397,122357,4.64,31.54771739,40.02380435,24.74304348,52.78934783,37.21,2191.59,224,14.5,250,7.52
Vellore,2019,Winter,14201,59721,4.21,24.08122222,31.18311111,18.90855556,74.18466667,88.07,1591.7,224,14.5,250,7.52
Vellore,2020,Autumn,1311,5713,4.36,25.15655738,29.31803279,21.77229508,85.19229508,468.24,959.35,152.2,8.9,162.5,7.02
Vellore,2020,Summer,4953,22420,4.53,30.37326087,38.50652174,23.98054348,58.34206522,104.02,2132.09,152.2,8.9,162.5,7.02
Vellore,2020,Winter,1957,7665,3.92,23.56208791,29.86967033,18.8656044,78.03912088,168.11,1600.97,152.2,8.9,162.5,7.02
Vellore,2021,Autumn,2179,8899,4.08,25.19918033,28.48163934,22.70770492,89.05229508,715.18,789.98,152.2,8.9,162.5,7.02
Vellore,2021,Summer,5260,21005,3.99,29.41923913,37.09967391,23.39826087,61.6223913,103.32,2133.4,152.2,8.9,162.5,7.02
Vellore,2021,Winter,2238,7415,3.31,22.53544444,28.11988889,18.23777778,83.04266667,169.75,1558.34,152.2,8.9,162.5,7.02
Vellore,2022,Autumn,2461,9472,3.85,24.5195082,28.78770492,21.3157377,85.37262295,372.3,889.97,152.2,8.9,162.5,7.02
Vellore,2022,Summer,4657,18511,3.97,29.67728261,37.21826087,23.77978261,61.11152174,115.1,1991.48,152.2,8.9,162.5,7.02
Vellore,2022,Winter,2640,8670,3.28,23.02955556,28.58788889,18.80544444,83.40588889,188.93,1516.17,152.2,8.9,162.5,7.02
Villupuram,2010,Kharif,149929,512013,3.42,28.58614754,33.60081967,24.58295082,71.60114754,491.73,2298.51,162.5,37.5,100,7.8
Villupuram,2011,Kharif,129858,471615,3.63,29.63467,35.2882,25.05115,63.22975,384.29,2502.2,162.5,37.5,100,7.8
Villupuram,2012,Kharif,115591,396530,3.43,29.70877049,35.19762295,25.21672131,63.39065574,347.79,2485.02,162.5,37.5,100,7.8
Villupuram,2013,Kharif,170443,796608,4.67,28.73254098,34.0057377,24.52204918,68.69204918,497.39,2324.3,162.5,37.5,100,7.8
Villupuram,2014,Kharif,171478,832585,4.86,29.77827869,35.35934426,25.36409836,64.59237705,355.69,2487.3,162.5,37.5,100,7.8
Villupuram,2015,Kharif,182303,773313,4.24,29.87180328,35.52729508,25.28704918,65.17319672,330.1,2552.46,162.5,37.5,100,7.8
Villupuram,2016,Kharif,95560,354198,3.71,29.19360656,34.59581967,24.74942623,67.83295082,363.86,2392.65,162.5,37.5,100,7.8
Villupuram,2017,Autumn,10239,47038,4.59,26.1804918,29.69934426,23.4447541,85.46147541,467.66,901.53,162.5,37.5,100,7.8
Villupuram,2017,Summer,42924,174271,4.06,31.09065217,38.15152174,25.52228261,59.28673913,69.5,2068.33,162.5,37.5,100,7.8
Villupuram,2017,Winter,110469,481976,4.36,24.41177778,30.831,19.46822222,73.42233333,127.35,1643,162.5,37.5,100,7.8
Villupuram,2018,Autumn,12333,52060,4.22,26.11409836,30.72295082,22.65688525,81.20590164,387.24,941.03,138,21,215,7.5
Villupuram,2018,Summer,37831,172261,4.55,29.93217391,36.6026087,24.75902174,64.5126087,84.96,2030.13,138,21,215,7.5
Villupuram,2018,Winter,60357,271852,4.5,24.026,30.10477778,19.36655556,77.72233333,54.04,1639.9,138,21,215,7.5
Villupuram,2019,Autumn,7009,31587,4.51,26.26819672,29.85131148,23.5104918,85.71327869,390.27,984.43,138,21,215,7.5
Villupuram,2019,Summer,43425,182245,4.2,31.49902174,38.89771739,25.76304348,57.5323913,40.47,2186.08,138,21,215,7.5
Villupuram,2019,Winter,112859,468051,4.15,24.94211111,31.05255556,20.38811111,75.86666667,102.28,1615.4,138,21,215,7.5
Villupuram,2020,Autumn,12701,52987,4.17,26.29803279,30.2804918,23.05327869,83.22229508,461.52,987.49,138,21,215,7.5
Villupuram,2020,Summer,40134,175731,4.38,30.9326087,37.92021739,25.65826087,60.0325,59.02,2095.54,138,21,215,7.5
Villupuram,2020,Winter,48819,174672,3.58,24.66120879,30.0843956,20.56241758,78.53857143,295.76,1586.36,138,21,215,7.5
Villupuram,2021,Autumn,14051,56508,4.02,26.04016393,28.92409836,23.8257377,88.6004918,886.97,822.66,182,19,150,7
Villupuram,2021,Summer,22776,84122,3.69,29.54141304,36.03184783,24.66771739,66.40913043,113.32,2104.21,182,19,150,7
Villupuram,2021,Winter,80028,282139,3.53,23.777,28.659,19.894,83.23577778,197.65,1544.17,182,19,150,7
Villupuram,2022,Autumn,10888,47204,4.34,25.72409836,29.66901639,22.6742623,83.8447541,410.68,908.69,182,19,150,7
Villupuram,2022,Summer,20813,65408,3.14,29.76923913,36.29608696,24.7276087,66.01467391,161.83,1962.56,182,19,150,7
Villupuram,2022,Winter,70876,271621,3.83,24.43344444,29.48322222,20.60144444,81.60333333,160.49,1518.02,182,19,150,7
Virudhunagar,2010,Kharif,30568,94515,3.09,28.80983607,34.68713115,24.45377049,66.67483607,271.12,2060.9,74.24,5.071,243.286,8.143
Virudhunagar,2011,Kharif,29658,118469,3.99,29.35122951,35.72344262,24.56147541,61.7945082,159.44,2160.32,74.24,5.071,243.286,8.143
Virudhunagar,2012,Kharif,22973,40467,1.76,29.81385246,36.19385246,24.98229508,60.76557377,132.85,2288.43,74.24,5.071,243.286,8.143
Virudhunagar,2013,Kharif,16470,68146,4.14,29.03016393,34.85172131,24.73262295,63.61090164,168.65,2004.62,74.24,5.071,243.286,8.143
Virudhunagar,2014,Kharif,19610,81406,4.15,29.22393443,35.18172131,24.84713115,65.54139344,199.73,2247.95,74.24,5.071,243.286,8.143
Virudhunagar,2015,Kharif,28607,100607,3.52,28.81336066,34.66057377,24.36581967,69.82311475,300.25,2359.92,74.24,5.071,243.286,8.143
Virudhunagar,2016,Kharif,13826,15883,1.15,29.20532787,35.48131148,24.49696721,65.06672131,210.34,2234.75,74.24,5.071,243.286,8.143
Virudhunagar,2017,Autumn,1,4,4,26.65885246,30.87672131,23.43590164,81.92295082,317.68,1008.72,167.5,12.5,145,7.6
Virudhunagar,2017,Summer,1839,6777,3.69,31.02380435,37.75347826,25.75641304,59.68,140.76,1948.12,167.5,12.5,145,7.6
Virudhunagar,2017,Winter,16703,63689,3.81,25.79788889,32.57288889,20.31655556,69.09022222,101.94,1719.77,167.5,12.5,145,7.6
Virudhunagar,2018,Autumn,135,580,4.3,26.37393443,30.65196721,23.02098361,81.79131148,330.93,993.34,167.5,12.5,145,7.6
Virudhunagar,2018,Summer,2336,9667,4.14,29.90695652,36.06652174,25.12913043,64.97858696,162.38,1912.61,167.5,12.5,145,7.6
Virudhunagar,2018,Winter,17767,59716,3.36,26.09777778,32.869,20.83788889,69.46711111,26.14,1678.33,167.5,12.5,145,7.6
Virudhunagar,2019,Autumn,151,618,4.09,26.29639344,29.79934426,23.40672131,86.30704918,551.2,1020.05,167.5,12.5,145,7.6
Virudhunagar,2019,Summer,4586,17595,3.84,31.99467391,39.2175,26.36641304,54.44956522,57.61,2066.36,167.5,12.5,145,7.6
Virudhunagar,2019,Winter,19755,64568,3.27,26.375,32.81955556,21.20722222,71.64866667,79.26,1650.98,167.5,12.5,145,7.6
Virudhunagar,2020,Autumn,210,917,4.37,26.93901639,31.55590164,23.37901639,79.97688525,505.41,1025.89,155,9,285,8.8
Virudhunagar,2020,Summer,6685,23957,3.58,30.87086957,37.45304348,25.79423913,60.62804348,119.06,1968.57,155,9,285,8.8
Virudhunagar,2020,Winter,20605,70833,3.44,25.83021978,31.63648352,21.16648352,76.29494505,154.78,1641.78,155,9,285,8.8
Virudhunagar,2021,Autumn,903,3687,4.08,26.27147541,29.89229508,23.50590164,86.1642623,625.49,842.78,155,9,285,8.8
Virudhunagar,2021,Summer,5383,12980,2.41,29.26597826,35.51163043,24.43358696,68.0976087,171.2,1914.06,155,9,285,8.8
Virudhunagar,2021,Winter,22679,70626,3.11,24.366,29.16522222,20.44577778,84.60544444,366.97,1633.41,155,9,285,8.8
Virudhunagar,2022,Autumn,829,3188,3.85,26.11360656,30.38360656,22.73901639,81.89032787,380.23,991.1,155,9,285,8.8
Virudhunagar,2022,Summer,5293,18890,3.57,29.53956522,36.0273913,24.53086957,66.58815217,245.06,1854.84,155,9,285,8.8
Virudhunagar,2022,Winter,22152,71913,3.25,25.73555556,31.39788889,21.28,77.54755556,151.77,1601.96,155,9,285,8.8
